#
# TABLE STRUCTURE FOR: media
#

DROP TABLE IF EXISTS `media`;

CREATE TABLE `media` (
  `id` bigint(20) unsigned NOT NULL AUTO_INCREMENT,
  `media_type_id` bigint(20) unsigned DEFAULT NULL,
  `user_id` bigint(20) unsigned NOT NULL,
  `body` text COLLATE utf8mb4_unicode_ci DEFAULT NULL,
  `filename` varchar(255) COLLATE utf8mb4_unicode_ci DEFAULT NULL,
  `size` int(11) DEFAULT NULL,
  `metadata` longtext CHARACTER SET utf8mb4 COLLATE utf8mb4_bin DEFAULT NULL CHECK (json_valid(`metadata`)),
  `created_at` datetime DEFAULT current_timestamp(),
  `updated_at` datetime DEFAULT current_timestamp() ON UPDATE current_timestamp(),
  PRIMARY KEY (`id`),
  KEY `user_id` (`user_id`),
  KEY `media_type_id` (`media_type_id`),
  CONSTRAINT `media_ibfk_1` FOREIGN KEY (`user_id`) REFERENCES `users` (`id`) ON DELETE CASCADE ON UPDATE CASCADE,
  CONSTRAINT `media_ibfk_2` FOREIGN KEY (`media_type_id`) REFERENCES `media_types` (`id`) ON DELETE SET NULL ON UPDATE CASCADE
) ENGINE=InnoDB AUTO_INCREMENT=101 DEFAULT CHARSET=utf8mb4 COLLATE=utf8mb4_unicode_ci;

INSERT INTO `media` (`id`, `media_type_id`, `user_id`, `body`, `filename`, `size`, `metadata`, `created_at`, `updated_at`) VALUES ('1', '74', '22', 'Earum id voluptate corrupti voluptas labore. Qui quisquam autem voluptas eaque veritatis aliquam architecto. Autem perspiciatis minus fugit nisi ratione quae.', 'temporibus', 3, NULL, '2016-01-16 14:27:02', '1976-10-10 02:09:18');
INSERT INTO `media` (`id`, `media_type_id`, `user_id`, `body`, `filename`, `size`, `metadata`, `created_at`, `updated_at`) VALUES ('2', '80', '26', 'Eos laudantium ea cupiditate distinctio. Sunt enim repellat eveniet et. Totam ad autem facilis sint. Qui autem nisi qui.', 'quia', 195084715, NULL, '2004-09-06 07:12:58', '2009-09-16 03:13:05');
INSERT INTO `media` (`id`, `media_type_id`, `user_id`, `body`, `filename`, `size`, `metadata`, `created_at`, `updated_at`) VALUES ('3', '89', '25', 'Ut pariatur deleniti hic. Quia ut pariatur ipsam occaecati labore sit tenetur. Illum nam aliquid eveniet et est error.', 'sit', 93700540, NULL, '1973-03-19 12:50:43', '2010-03-07 07:06:46');
INSERT INTO `media` (`id`, `media_type_id`, `user_id`, `body`, `filename`, `size`, `metadata`, `created_at`, `updated_at`) VALUES ('4', '22', '89', 'Tenetur debitis eos et aut perspiciatis nisi sed eius. Eos non nihil libero id. Occaecati quas fuga consequatur sit possimus delectus. Occaecati quia quia officiis laboriosam.', 'sed', 34292, NULL, '1979-04-09 04:11:16', '2013-05-06 10:26:37');
INSERT INTO `media` (`id`, `media_type_id`, `user_id`, `body`, `filename`, `size`, `metadata`, `created_at`, `updated_at`) VALUES ('5', '59', '78', 'Ea exercitationem atque quisquam et sequi eum quae velit. Ratione sit et deserunt. Sit error doloribus quibusdam est et rem aut.', 'impedit', 89, NULL, '2007-11-04 18:33:43', '2002-08-20 01:56:36');
INSERT INTO `media` (`id`, `media_type_id`, `user_id`, `body`, `filename`, `size`, `metadata`, `created_at`, `updated_at`) VALUES ('6', '51', '51', 'Tempore iusto ipsa iste non id. Illo sit delectus consequuntur rerum quis doloribus. Quidem vero dignissimos nemo sunt velit voluptatibus sint. Ad provident dolorem atque autem perspiciatis assumenda dolor.', 'dolor', 49, NULL, '1994-06-20 00:36:17', '1971-08-05 15:55:35');
INSERT INTO `media` (`id`, `media_type_id`, `user_id`, `body`, `filename`, `size`, `metadata`, `created_at`, `updated_at`) VALUES ('7', '13', '3', 'Ducimus minus qui fuga nesciunt et error sunt. Ut modi laudantium qui qui deserunt. Ut nostrum aut aliquid.', 'voluptas', 6329, NULL, '1975-02-24 10:35:29', '1988-12-23 22:43:24');
INSERT INTO `media` (`id`, `media_type_id`, `user_id`, `body`, `filename`, `size`, `metadata`, `created_at`, `updated_at`) VALUES ('8', '67', '94', 'Harum sapiente suscipit nemo blanditiis illo. Cum et iure eius. Ea et sunt est sed iure.', 'rerum', 9524, NULL, '2016-12-18 12:24:17', '2014-09-27 19:10:25');
INSERT INTO `media` (`id`, `media_type_id`, `user_id`, `body`, `filename`, `size`, `metadata`, `created_at`, `updated_at`) VALUES ('9', '59', '35', 'Et totam beatae soluta consequatur quo non. Tenetur aliquam dignissimos et necessitatibus voluptates. Distinctio aliquid totam non voluptates ad impedit perspiciatis. Voluptatem dolores cumque eum culpa laboriosam ullam sit fugiat.', 'provident', 1869, NULL, '2022-05-19 02:08:59', '2013-01-31 09:29:31');
INSERT INTO `media` (`id`, `media_type_id`, `user_id`, `body`, `filename`, `size`, `metadata`, `created_at`, `updated_at`) VALUES ('10', '33', '60', 'Adipisci sint distinctio architecto ut. Adipisci et est quaerat dolorem voluptatibus veritatis corrupti. Quis dignissimos odio minus voluptas tenetur molestiae voluptatum. Rerum labore fuga architecto doloribus neque hic voluptatum.', 'tenetur', 3762775, NULL, '1988-11-29 05:42:29', '1980-09-05 13:29:43');
INSERT INTO `media` (`id`, `media_type_id`, `user_id`, `body`, `filename`, `size`, `metadata`, `created_at`, `updated_at`) VALUES ('11', '52', '33', 'Aut asperiores illum nostrum earum quos voluptatibus. Rerum reiciendis quis omnis veniam praesentium. Provident ut libero asperiores ut soluta voluptate rerum. Sint nulla earum ex reprehenderit similique nam.', 'eius', 55, NULL, '1988-11-22 10:36:28', '2008-10-12 01:40:16');
INSERT INTO `media` (`id`, `media_type_id`, `user_id`, `body`, `filename`, `size`, `metadata`, `created_at`, `updated_at`) VALUES ('12', '26', '21', 'Fugit reiciendis in qui quidem. Illum fuga id pariatur accusantium impedit. Necessitatibus quidem eligendi consequatur voluptatem iste provident.', 'voluptatem', 4247485, NULL, '2006-11-19 23:47:46', '1986-10-21 06:23:20');
INSERT INTO `media` (`id`, `media_type_id`, `user_id`, `body`, `filename`, `size`, `metadata`, `created_at`, `updated_at`) VALUES ('13', '100', '27', 'Repudiandae aspernatur aut eveniet esse blanditiis. Aut ducimus debitis tenetur consequuntur dolores qui. Enim repellat laborum rerum officia tenetur ipsa rerum.', 'harum', 779561057, NULL, '1984-12-13 16:48:59', '2006-02-10 01:41:10');
INSERT INTO `media` (`id`, `media_type_id`, `user_id`, `body`, `filename`, `size`, `metadata`, `created_at`, `updated_at`) VALUES ('14', '88', '79', 'Assumenda voluptatum ducimus recusandae fugiat illum sint voluptatem. Id et ratione voluptatem. Quas aut et quaerat. Quod facere officiis facere incidunt omnis molestiae commodi autem.', 'id', 0, NULL, '1970-01-11 03:46:34', '2006-04-30 21:53:09');
INSERT INTO `media` (`id`, `media_type_id`, `user_id`, `body`, `filename`, `size`, `metadata`, `created_at`, `updated_at`) VALUES ('15', '6', '53', 'Aut saepe eum veniam fugit. Corrupti quos ea consequatur quia non non beatae. Consequuntur porro placeat consequatur adipisci.', 'fuga', 8408, NULL, '1999-11-20 21:50:22', '1974-03-29 08:32:17');
INSERT INTO `media` (`id`, `media_type_id`, `user_id`, `body`, `filename`, `size`, `metadata`, `created_at`, `updated_at`) VALUES ('16', '74', '17', 'Qui dignissimos provident magnam cupiditate enim est blanditiis ipsum. Voluptate consequatur occaecati harum quod molestiae accusantium debitis. Animi sequi culpa itaque perferendis occaecati numquam. Voluptatem rerum quae voluptatem placeat nisi. Eum numquam sunt itaque quae magni sed.', 'eos', 724509, NULL, '1970-10-18 02:01:47', '2018-05-13 04:53:19');
INSERT INTO `media` (`id`, `media_type_id`, `user_id`, `body`, `filename`, `size`, `metadata`, `created_at`, `updated_at`) VALUES ('17', '25', '52', 'Dolorum veritatis id asperiores ea id ut iusto consequatur. Iusto optio a autem veniam laudantium quis. Officiis vel cum voluptates sed modi molestias minima.', 'sapiente', 12, NULL, '1993-12-05 23:18:25', '2009-11-12 17:11:14');
INSERT INTO `media` (`id`, `media_type_id`, `user_id`, `body`, `filename`, `size`, `metadata`, `created_at`, `updated_at`) VALUES ('18', '100', '48', 'Rem quia aut tempora non dolorum qui corrupti. Facilis qui vero sed nostrum. Quaerat natus qui et accusamus tempora. In inventore aut eum consequuntur nihil consequuntur adipisci.', 'laboriosam', 4160, NULL, '2005-07-22 03:48:41', '1987-08-03 10:12:05');
INSERT INTO `media` (`id`, `media_type_id`, `user_id`, `body`, `filename`, `size`, `metadata`, `created_at`, `updated_at`) VALUES ('19', '65', '57', 'A in similique impedit nihil quia tempore amet. Aliquam vitae fugiat quae. Quae aut perspiciatis eveniet harum est ut voluptatem.', 'aliquid', 25519, NULL, '1980-01-17 23:13:18', '1989-02-12 14:10:13');
INSERT INTO `media` (`id`, `media_type_id`, `user_id`, `body`, `filename`, `size`, `metadata`, `created_at`, `updated_at`) VALUES ('20', '74', '72', 'Distinctio est sint id autem voluptatem placeat eligendi. Inventore maiores ratione cum aut. Atque unde accusamus ratione.', 'ut', 229984, NULL, '2022-05-30 05:35:01', '2016-03-09 01:27:44');
INSERT INTO `media` (`id`, `media_type_id`, `user_id`, `body`, `filename`, `size`, `metadata`, `created_at`, `updated_at`) VALUES ('21', '49', '14', 'Sed aut iste id aut. Voluptatem repellendus voluptas vero et ipsa et quasi. Dolorem pariatur in ab voluptate labore molestias. Inventore veritatis et consectetur aut autem et dicta. Ut eum harum illum.', 'occaecati', 71276, NULL, '2008-05-07 11:03:11', '1990-09-17 11:55:11');
INSERT INTO `media` (`id`, `media_type_id`, `user_id`, `body`, `filename`, `size`, `metadata`, `created_at`, `updated_at`) VALUES ('22', '6', '44', 'Enim qui id qui numquam ut ex. Qui nesciunt accusamus et vero laudantium cupiditate aut. Nemo voluptatem eius tenetur quod minima.', 'atque', 8825, NULL, '1992-04-04 14:45:27', '2000-08-25 09:18:46');
INSERT INTO `media` (`id`, `media_type_id`, `user_id`, `body`, `filename`, `size`, `metadata`, `created_at`, `updated_at`) VALUES ('23', '48', '19', 'Qui illum et iusto assumenda ipsam. Id maxime nihil minus et aut. Quibusdam aut quasi consequuntur dolorem.', 'rerum', 54078, NULL, '2010-01-03 21:48:12', '2018-01-28 22:52:56');
INSERT INTO `media` (`id`, `media_type_id`, `user_id`, `body`, `filename`, `size`, `metadata`, `created_at`, `updated_at`) VALUES ('24', '75', '82', 'Aperiam nulla libero enim sed amet. Nulla id est illum et itaque minus. Quam hic accusamus doloribus quia deserunt autem voluptatem. Autem assumenda nam quidem voluptatem est voluptas.', 'nobis', 57368, NULL, '2011-10-23 22:53:26', '1985-01-30 20:01:43');
INSERT INTO `media` (`id`, `media_type_id`, `user_id`, `body`, `filename`, `size`, `metadata`, `created_at`, `updated_at`) VALUES ('25', '7', '42', 'Tempora omnis veniam eaque ut quasi odit consequatur delectus. Aut perferendis consequatur fugiat amet soluta. Sint officia et corrupti et possimus nesciunt architecto dicta.', 'incidunt', 5, NULL, '1982-08-09 14:59:51', '2014-12-26 21:02:51');
INSERT INTO `media` (`id`, `media_type_id`, `user_id`, `body`, `filename`, `size`, `metadata`, `created_at`, `updated_at`) VALUES ('26', '16', '4', 'Deleniti et ut vero nostrum. Quia cum officiis occaecati iusto enim dignissimos corporis.', 'dolorum', 3116, NULL, '1996-10-21 13:11:09', '1982-10-20 04:25:59');
INSERT INTO `media` (`id`, `media_type_id`, `user_id`, `body`, `filename`, `size`, `metadata`, `created_at`, `updated_at`) VALUES ('27', '53', '28', 'Et cupiditate deleniti quaerat autem ut. Quia est harum enim ea. Reprehenderit eligendi ut consequuntur accusamus. Hic sit ut ullam et voluptatem.', 'autem', 191002982, NULL, '1973-08-02 09:04:22', '1972-01-18 02:36:16');
INSERT INTO `media` (`id`, `media_type_id`, `user_id`, `body`, `filename`, `size`, `metadata`, `created_at`, `updated_at`) VALUES ('28', '2', '91', 'Minus quibusdam ducimus voluptatem aliquam assumenda rerum tempore. Accusamus fugit omnis debitis repellat accusantium. Nostrum debitis dolorum itaque repellendus sequi quod est. Eaque tempora ex non sunt veritatis fugit velit.', 'laborum', 0, NULL, '1975-07-29 09:24:31', '1996-07-14 21:29:50');
INSERT INTO `media` (`id`, `media_type_id`, `user_id`, `body`, `filename`, `size`, `metadata`, `created_at`, `updated_at`) VALUES ('29', '34', '40', 'Eligendi doloremque sit veniam vitae alias sint. Dolor voluptas sit maiores soluta voluptates molestiae. Voluptas ut ducimus adipisci consequatur maiores dolor voluptatibus aliquid.', 'quasi', 809697, NULL, '2006-11-09 18:21:40', '2006-02-02 22:43:29');
INSERT INTO `media` (`id`, `media_type_id`, `user_id`, `body`, `filename`, `size`, `metadata`, `created_at`, `updated_at`) VALUES ('30', '93', '66', 'Enim odio et rerum commodi. Dolorum aut et beatae hic dolores qui accusantium. Pariatur aliquid dolorem porro consequuntur nam sunt. Esse et illum voluptates iste culpa id beatae.', 'et', 9963, NULL, '1979-01-30 06:07:45', '2000-05-11 17:00:23');
INSERT INTO `media` (`id`, `media_type_id`, `user_id`, `body`, `filename`, `size`, `metadata`, `created_at`, `updated_at`) VALUES ('31', '81', '12', 'Aut minus sint assumenda maiores ea aut ratione. Vero maxime voluptas rem aut quos. Aut consequuntur sed deleniti enim dolor.', 'dolorem', 470108661, NULL, '1997-03-14 03:37:59', '1985-07-21 01:51:59');
INSERT INTO `media` (`id`, `media_type_id`, `user_id`, `body`, `filename`, `size`, `metadata`, `created_at`, `updated_at`) VALUES ('32', '71', '45', 'Dolor aspernatur molestiae rerum ipsa eaque. Repudiandae odio sit aliquid aut voluptatibus qui voluptatem. Ipsum aliquid neque in quidem praesentium ad.', 'et', 38, NULL, '2017-05-09 17:32:15', '1999-11-12 06:29:31');
INSERT INTO `media` (`id`, `media_type_id`, `user_id`, `body`, `filename`, `size`, `metadata`, `created_at`, `updated_at`) VALUES ('33', '81', '52', 'Et nemo veniam sit. Unde deserunt dignissimos veniam est. Eos qui ipsa excepturi voluptatem voluptates autem ratione.', 'ratione', 5, NULL, '2007-02-22 01:49:46', '1971-02-16 08:46:42');
INSERT INTO `media` (`id`, `media_type_id`, `user_id`, `body`, `filename`, `size`, `metadata`, `created_at`, `updated_at`) VALUES ('34', '40', '34', 'Neque voluptates commodi et delectus incidunt temporibus. Dicta et rerum similique rerum. Et magnam sed corporis fugit aut. Ullam at cumque quia quidem iste similique.', 'error', 66454694, NULL, '2018-12-19 06:59:55', '1999-08-18 09:37:41');
INSERT INTO `media` (`id`, `media_type_id`, `user_id`, `body`, `filename`, `size`, `metadata`, `created_at`, `updated_at`) VALUES ('35', '37', '84', 'Ratione ea enim architecto fugiat. Voluptatem provident necessitatibus ut et. Voluptas doloremque et tempore consequatur non officia asperiores.', 'vero', 3065990, NULL, '1995-11-25 18:03:08', '2023-02-01 11:35:15');
INSERT INTO `media` (`id`, `media_type_id`, `user_id`, `body`, `filename`, `size`, `metadata`, `created_at`, `updated_at`) VALUES ('36', '1', '94', 'Fugiat officiis ipsum placeat soluta omnis laudantium dolor sed. Iure eligendi rem ea necessitatibus ut molestiae.', 'dignissimos', 399430, NULL, '2020-11-09 01:11:40', '1987-08-01 23:20:46');
INSERT INTO `media` (`id`, `media_type_id`, `user_id`, `body`, `filename`, `size`, `metadata`, `created_at`, `updated_at`) VALUES ('37', '32', '28', 'Corporis est libero nostrum provident aut omnis hic. Nihil rerum voluptates optio ut voluptates.', 'repellendus', 3004569, NULL, '2004-06-01 01:19:47', '2013-11-27 03:56:59');
INSERT INTO `media` (`id`, `media_type_id`, `user_id`, `body`, `filename`, `size`, `metadata`, `created_at`, `updated_at`) VALUES ('38', '70', '54', 'Consequuntur rerum sed porro omnis. Eius ut quae ut et dolorem rerum. Ut quasi tempora perferendis et aut dolores voluptas et. Recusandae sint repellat nam ut.', 'quia', 994391, NULL, '2004-01-25 06:17:40', '2017-04-23 00:15:20');
INSERT INTO `media` (`id`, `media_type_id`, `user_id`, `body`, `filename`, `size`, `metadata`, `created_at`, `updated_at`) VALUES ('39', '29', '58', 'Nostrum voluptas consequatur quas sapiente. Sapiente ab autem eum qui molestiae deleniti. Possimus ab eum tempora officiis. Cupiditate nobis numquam quia voluptatem reprehenderit.', 'quisquam', 84, NULL, '1973-03-04 03:39:40', '2008-01-15 11:27:35');
INSERT INTO `media` (`id`, `media_type_id`, `user_id`, `body`, `filename`, `size`, `metadata`, `created_at`, `updated_at`) VALUES ('40', '82', '26', 'Et ab mollitia ut et qui exercitationem dolorum. Excepturi laboriosam est aut facilis est. Minima quod itaque omnis culpa est suscipit qui.', 'dolor', 572, NULL, '2018-05-13 15:48:26', '1997-04-13 12:27:20');
INSERT INTO `media` (`id`, `media_type_id`, `user_id`, `body`, `filename`, `size`, `metadata`, `created_at`, `updated_at`) VALUES ('41', '71', '74', 'Laudantium adipisci aperiam et sint. Dolor delectus numquam velit sit beatae nihil. Sed quia tempore odio sed voluptatibus voluptate illum.', 'mollitia', 6986762, NULL, '2010-11-05 05:44:54', '2019-01-25 18:06:04');
INSERT INTO `media` (`id`, `media_type_id`, `user_id`, `body`, `filename`, `size`, `metadata`, `created_at`, `updated_at`) VALUES ('42', '61', '69', 'Doloribus aut optio aut voluptas. Architecto tempore sit nisi non dolores ex impedit. Numquam nulla exercitationem officiis est odit nam exercitationem.', 'nesciunt', 1, NULL, '1974-02-02 13:17:25', '2015-11-29 12:43:55');
INSERT INTO `media` (`id`, `media_type_id`, `user_id`, `body`, `filename`, `size`, `metadata`, `created_at`, `updated_at`) VALUES ('43', '68', '95', 'Distinctio vitae nesciunt laboriosam nesciunt quia et. Incidunt laudantium non et animi ad id. Fugiat itaque eos ut necessitatibus perspiciatis officia corrupti. Ullam fugiat eum molestiae velit necessitatibus nihil ut.', 'rerum', 9, NULL, '1983-11-20 08:46:44', '2016-08-12 04:57:35');
INSERT INTO `media` (`id`, `media_type_id`, `user_id`, `body`, `filename`, `size`, `metadata`, `created_at`, `updated_at`) VALUES ('44', '43', '79', 'Est et necessitatibus aut eum illo. Mollitia sint dolor rem cupiditate. Eum et et pariatur cupiditate velit provident voluptatem.', 'aut', 6370, NULL, '1997-08-07 16:15:08', '2017-03-14 01:28:06');
INSERT INTO `media` (`id`, `media_type_id`, `user_id`, `body`, `filename`, `size`, `metadata`, `created_at`, `updated_at`) VALUES ('45', '70', '72', 'Maiores est fuga est aperiam tenetur sit quas. Id sapiente sit cumque ut laudantium dolorem. Sint perferendis commodi est ut magnam. Molestias consequatur quaerat facere doloremque non. Officia ipsum ut sed est itaque non repudiandae.', 'maiores', 220, NULL, '1992-10-25 14:50:28', '1984-08-21 20:50:34');
INSERT INTO `media` (`id`, `media_type_id`, `user_id`, `body`, `filename`, `size`, `metadata`, `created_at`, `updated_at`) VALUES ('46', '97', '67', 'Corporis et numquam est cumque dolorem non. Deserunt harum soluta rerum aut non aliquam ad temporibus. Debitis voluptate dolorum quo consequuntur.', 'ex', 97752560, NULL, '2005-09-12 12:59:45', '2009-12-05 20:43:25');
INSERT INTO `media` (`id`, `media_type_id`, `user_id`, `body`, `filename`, `size`, `metadata`, `created_at`, `updated_at`) VALUES ('47', '32', '9', 'Tenetur consequatur perferendis expedita qui dolor non ratione. Accusamus illum blanditiis delectus reprehenderit. Id quod sed aut pariatur esse iure illum et.', 'maiores', 0, NULL, '1975-01-03 23:04:01', '2010-03-10 15:37:20');
INSERT INTO `media` (`id`, `media_type_id`, `user_id`, `body`, `filename`, `size`, `metadata`, `created_at`, `updated_at`) VALUES ('48', '89', '55', 'Distinctio vel adipisci et magnam quia. Libero quas eos eius sit minima qui voluptas sit. Ea omnis id eius temporibus ex quisquam voluptatem et. Possimus similique voluptatem consequatur omnis voluptates consequatur.', 'optio', 8563, NULL, '1981-05-21 05:38:35', '1980-12-29 19:34:20');
INSERT INTO `media` (`id`, `media_type_id`, `user_id`, `body`, `filename`, `size`, `metadata`, `created_at`, `updated_at`) VALUES ('49', '67', '88', 'Quibusdam vero dolor et quisquam maiores non. Atque in rerum corporis est. Molestiae quis veritatis ipsum consequatur dolor quibusdam.', 'id', 3566971, NULL, '2002-11-02 01:24:34', '2011-01-12 08:07:34');
INSERT INTO `media` (`id`, `media_type_id`, `user_id`, `body`, `filename`, `size`, `metadata`, `created_at`, `updated_at`) VALUES ('50', '71', '54', 'Fugiat atque itaque amet. Et doloribus nisi omnis excepturi inventore culpa. Quia et laudantium distinctio molestiae ab unde.', 'ut', 0, NULL, '2017-09-24 21:09:13', '1980-10-28 02:05:23');
INSERT INTO `media` (`id`, `media_type_id`, `user_id`, `body`, `filename`, `size`, `metadata`, `created_at`, `updated_at`) VALUES ('51', '63', '30', 'Sit veniam suscipit aut. Quia recusandae debitis aperiam sit quis. Dicta minus recusandae nemo odio quis aut voluptas.', 'qui', 2, NULL, '2012-08-23 07:07:23', '1978-07-17 11:59:17');
INSERT INTO `media` (`id`, `media_type_id`, `user_id`, `body`, `filename`, `size`, `metadata`, `created_at`, `updated_at`) VALUES ('52', '86', '65', 'Quia itaque temporibus eum quas molestias deleniti sint. Voluptas et ut sunt ullam qui eos. Voluptatem expedita temporibus cupiditate et.', 'velit', 337168536, NULL, '2007-07-13 12:08:15', '1980-10-17 05:11:32');
INSERT INTO `media` (`id`, `media_type_id`, `user_id`, `body`, `filename`, `size`, `metadata`, `created_at`, `updated_at`) VALUES ('53', '7', '49', 'Laudantium aliquid aut saepe praesentium doloremque optio aperiam. Quo asperiores eos minima. Voluptas ut eos qui qui quia. Quibusdam quisquam nostrum est.', 'quas', 0, NULL, '1973-04-11 22:55:42', '1979-07-18 12:54:47');
INSERT INTO `media` (`id`, `media_type_id`, `user_id`, `body`, `filename`, `size`, `metadata`, `created_at`, `updated_at`) VALUES ('54', '68', '91', 'Expedita quam perspiciatis et aut deleniti autem quo nulla. Et aut ut eum et voluptatem et occaecati. Temporibus ea est distinctio.', 'natus', 15369491, NULL, '2009-08-20 18:25:07', '1982-01-23 07:29:30');
INSERT INTO `media` (`id`, `media_type_id`, `user_id`, `body`, `filename`, `size`, `metadata`, `created_at`, `updated_at`) VALUES ('55', '73', '79', 'Culpa incidunt sequi doloremque est mollitia amet accusamus itaque. Ut non rerum optio et.', 'accusamus', 46, NULL, '2012-06-15 00:05:25', '1991-04-29 02:06:47');
INSERT INTO `media` (`id`, `media_type_id`, `user_id`, `body`, `filename`, `size`, `metadata`, `created_at`, `updated_at`) VALUES ('56', '49', '92', 'Quas molestiae minus et quae. Vel ut est necessitatibus provident. Numquam at dolores rerum culpa ut voluptatibus inventore.', 'minima', 0, NULL, '1995-05-23 02:42:26', '2014-11-01 08:18:09');
INSERT INTO `media` (`id`, `media_type_id`, `user_id`, `body`, `filename`, `size`, `metadata`, `created_at`, `updated_at`) VALUES ('57', '96', '20', 'Nisi dolorem aspernatur quia. Deserunt veritatis ipsam similique delectus. Sint tempora doloribus iusto consequatur et. Reprehenderit fugiat nobis quod maiores nulla assumenda accusamus quidem.', 'assumenda', 5456623, NULL, '1991-11-04 03:49:25', '2009-07-15 16:11:20');
INSERT INTO `media` (`id`, `media_type_id`, `user_id`, `body`, `filename`, `size`, `metadata`, `created_at`, `updated_at`) VALUES ('58', '14', '1', 'Minima voluptas natus qui aut dolores possimus quis. Excepturi tenetur dolor itaque fugit inventore ducimus quasi. Reiciendis voluptate et totam ipsa rerum aut.', 'corporis', 8759905, NULL, '2014-12-15 01:20:56', '1985-05-16 20:25:58');
INSERT INTO `media` (`id`, `media_type_id`, `user_id`, `body`, `filename`, `size`, `metadata`, `created_at`, `updated_at`) VALUES ('59', '98', '82', 'Repellat architecto at est delectus. Qui eum enim inventore est ut. Velit sint eius et blanditiis. A nihil mollitia numquam molestiae maiores aut. In excepturi repellat nobis vel veniam quia.', 'ducimus', 85, NULL, '2012-08-31 02:37:24', '1974-05-26 00:19:52');
INSERT INTO `media` (`id`, `media_type_id`, `user_id`, `body`, `filename`, `size`, `metadata`, `created_at`, `updated_at`) VALUES ('60', '36', '85', 'In pariatur libero quas corrupti. Aperiam rerum perspiciatis et consequatur voluptas provident. Est quas ducimus quia tempore aliquid itaque omnis.', 'ut', 7084, NULL, '1973-07-20 18:40:26', '2000-01-05 17:26:19');
INSERT INTO `media` (`id`, `media_type_id`, `user_id`, `body`, `filename`, `size`, `metadata`, `created_at`, `updated_at`) VALUES ('61', '44', '22', 'Nisi porro quia dicta consequatur. Fugiat temporibus provident delectus vero praesentium. Sunt ut dolor deserunt aliquid.', 'nesciunt', 1560, NULL, '2018-11-11 15:04:23', '2015-12-12 15:05:12');
INSERT INTO `media` (`id`, `media_type_id`, `user_id`, `body`, `filename`, `size`, `metadata`, `created_at`, `updated_at`) VALUES ('62', '12', '44', 'Sit dolores ut minus perferendis eaque iusto et. Optio illo voluptatem reprehenderit quod et culpa. Commodi illum consequatur neque est rerum necessitatibus amet tempora.', 'consequatur', 0, NULL, '1984-06-03 22:52:12', '1986-09-17 20:20:29');
INSERT INTO `media` (`id`, `media_type_id`, `user_id`, `body`, `filename`, `size`, `metadata`, `created_at`, `updated_at`) VALUES ('63', '90', '70', 'Eaque qui quia praesentium nisi enim. Eos quibusdam molestias quibusdam quia voluptatem aut aliquid. Temporibus qui sit quia qui debitis. Eum ab suscipit molestiae.', 'sed', 472392963, NULL, '1989-09-30 04:34:53', '2011-04-17 17:12:27');
INSERT INTO `media` (`id`, `media_type_id`, `user_id`, `body`, `filename`, `size`, `metadata`, `created_at`, `updated_at`) VALUES ('64', '11', '79', 'Sapiente animi quod id ducimus sequi vel adipisci. Ullam nisi ratione esse non aut. Debitis asperiores repudiandae possimus eos animi.', 'odio', 9258700, NULL, '2006-04-09 13:44:21', '1994-01-23 10:52:35');
INSERT INTO `media` (`id`, `media_type_id`, `user_id`, `body`, `filename`, `size`, `metadata`, `created_at`, `updated_at`) VALUES ('65', '5', '91', 'Incidunt et ratione iure sit consequuntur repudiandae. Tempore et totam aspernatur doloribus. Accusantium in molestiae quaerat ex commodi vitae eaque.', 'quis', 730358062, NULL, '1993-08-08 12:50:04', '1981-01-13 22:23:51');
INSERT INTO `media` (`id`, `media_type_id`, `user_id`, `body`, `filename`, `size`, `metadata`, `created_at`, `updated_at`) VALUES ('66', '36', '86', 'Impedit quae provident optio facilis consectetur officia mollitia. Aliquid a dignissimos est non molestias dolores eos. Blanditiis distinctio dolorem dignissimos maiores autem voluptas voluptates. Excepturi minima illo maiores similique impedit unde dicta. Iste delectus aut id totam.', 'ipsam', 15, NULL, '1989-02-19 06:11:45', '2021-07-01 15:46:07');
INSERT INTO `media` (`id`, `media_type_id`, `user_id`, `body`, `filename`, `size`, `metadata`, `created_at`, `updated_at`) VALUES ('67', '69', '37', 'Quis facilis cum vel. Numquam qui quo quibusdam delectus nesciunt consequatur. Pariatur vel magnam cumque magni autem reiciendis. Autem dolores vitae consequatur exercitationem ut enim eos.', 'sed', 2, NULL, '1982-07-07 08:17:08', '1978-06-29 22:40:56');
INSERT INTO `media` (`id`, `media_type_id`, `user_id`, `body`, `filename`, `size`, `metadata`, `created_at`, `updated_at`) VALUES ('68', '3', '89', 'In esse nobis quod culpa. Hic in voluptas qui quos nemo commodi ut.', 'reiciendis', 1, NULL, '1992-11-11 08:26:04', '1977-11-26 23:37:31');
INSERT INTO `media` (`id`, `media_type_id`, `user_id`, `body`, `filename`, `size`, `metadata`, `created_at`, `updated_at`) VALUES ('69', '31', '90', 'Quisquam molestiae et eius dolores. Est reiciendis inventore accusamus assumenda autem culpa tempore. Quod iusto laborum saepe qui.', 'cupiditate', 4439497, NULL, '2008-09-22 17:11:42', '2008-04-25 20:33:09');
INSERT INTO `media` (`id`, `media_type_id`, `user_id`, `body`, `filename`, `size`, `metadata`, `created_at`, `updated_at`) VALUES ('70', '21', '82', 'Voluptatibus nihil aut ipsa aut voluptatibus a inventore. Magnam a eos eos sint id inventore. Neque aut sit rerum amet deserunt. In quo magnam impedit.', 'tenetur', 7, NULL, '1976-07-11 23:20:18', '1994-03-19 17:20:41');
INSERT INTO `media` (`id`, `media_type_id`, `user_id`, `body`, `filename`, `size`, `metadata`, `created_at`, `updated_at`) VALUES ('71', '73', '56', 'Alias quia officia nisi explicabo. Magnam earum dolorem aut harum. Aut quas voluptates qui facilis reiciendis est consectetur tempora. Non corrupti saepe illo earum consequatur. Consequatur ipsam voluptate eius distinctio ipsa quasi.', 'dolorem', 93543, NULL, '2016-02-14 06:13:27', '2009-01-03 01:57:14');
INSERT INTO `media` (`id`, `media_type_id`, `user_id`, `body`, `filename`, `size`, `metadata`, `created_at`, `updated_at`) VALUES ('72', '31', '86', 'Voluptate unde dolorem minus. Voluptatem totam quo et fuga exercitationem autem. Adipisci et qui possimus et et iure eveniet.', 'nihil', 2059, NULL, '1980-04-30 23:57:06', '1971-09-04 01:23:22');
INSERT INTO `media` (`id`, `media_type_id`, `user_id`, `body`, `filename`, `size`, `metadata`, `created_at`, `updated_at`) VALUES ('73', '20', '61', 'Optio quibusdam a natus impedit sed. Est cumque sed nihil tempore. Ipsum voluptatem saepe dolores sit natus.', 'consequatur', 4917, NULL, '1995-09-27 14:38:24', '1999-10-21 03:34:39');
INSERT INTO `media` (`id`, `media_type_id`, `user_id`, `body`, `filename`, `size`, `metadata`, `created_at`, `updated_at`) VALUES ('74', '48', '21', 'Non harum possimus sed excepturi magni et a. Esse eum dolor eius illum tempora sapiente culpa cupiditate. Non pariatur aut cum modi dolores.', 'voluptatem', 21072166, NULL, '1975-11-11 08:22:08', '2000-04-03 15:55:37');
INSERT INTO `media` (`id`, `media_type_id`, `user_id`, `body`, `filename`, `size`, `metadata`, `created_at`, `updated_at`) VALUES ('75', '13', '71', 'Aperiam autem odio qui. Saepe hic et ut enim. Quidem distinctio illum officia doloribus reprehenderit atque alias in. Possimus reprehenderit blanditiis quae nesciunt et.', 'est', 3750708, NULL, '1978-07-18 20:01:00', '1997-08-25 09:05:38');
INSERT INTO `media` (`id`, `media_type_id`, `user_id`, `body`, `filename`, `size`, `metadata`, `created_at`, `updated_at`) VALUES ('76', '41', '86', 'Fugit consectetur illum quia a. Sint at sit voluptatem cumque. Ullam amet molestias quod facilis distinctio est dolor. Ut perferendis ipsa quia nihil temporibus eveniet culpa. Consectetur voluptatibus consequatur dolorum dolorem.', 'eos', 45625452, NULL, '1979-07-02 22:08:06', '2000-02-07 02:56:33');
INSERT INTO `media` (`id`, `media_type_id`, `user_id`, `body`, `filename`, `size`, `metadata`, `created_at`, `updated_at`) VALUES ('77', '97', '37', 'Similique est a expedita sint et. Voluptatem tempore dignissimos rem enim sed aut repellat. Ut ducimus ea mollitia ut. Recusandae voluptatem saepe qui consequatur.', 'minus', 989327, NULL, '2020-06-16 06:36:30', '1990-07-13 00:04:09');
INSERT INTO `media` (`id`, `media_type_id`, `user_id`, `body`, `filename`, `size`, `metadata`, `created_at`, `updated_at`) VALUES ('78', '17', '85', 'Explicabo fugiat id sunt nihil fugiat. Voluptatem nulla consequatur repellendus porro impedit et magnam. Tenetur in optio ut debitis.', 'quod', 0, NULL, '1971-11-16 21:31:42', '1988-05-23 00:25:18');
INSERT INTO `media` (`id`, `media_type_id`, `user_id`, `body`, `filename`, `size`, `metadata`, `created_at`, `updated_at`) VALUES ('79', '32', '33', 'Reiciendis dignissimos porro vel est alias. Recusandae fugiat dicta sed similique voluptates ut adipisci. Consequuntur blanditiis ut qui hic.', 'enim', 455326, NULL, '1978-05-28 16:21:02', '1974-02-01 17:57:26');
INSERT INTO `media` (`id`, `media_type_id`, `user_id`, `body`, `filename`, `size`, `metadata`, `created_at`, `updated_at`) VALUES ('80', '100', '72', 'Dolore praesentium est repellendus sunt harum. Odio et consequuntur et porro ut accusantium quas.', 'repudiandae', 684439539, NULL, '2017-02-23 05:08:29', '1990-05-07 07:14:40');
INSERT INTO `media` (`id`, `media_type_id`, `user_id`, `body`, `filename`, `size`, `metadata`, `created_at`, `updated_at`) VALUES ('81', '30', '21', 'Rerum sed ea illum et quia ab laboriosam. Exercitationem et vitae et fugiat molestias non. Et accusamus illum accusantium dicta voluptatem qui. Iusto nihil labore ut nostrum et ut dolorum.', 'quia', 1950286, NULL, '1994-09-06 05:16:22', '1997-01-16 08:06:56');
INSERT INTO `media` (`id`, `media_type_id`, `user_id`, `body`, `filename`, `size`, `metadata`, `created_at`, `updated_at`) VALUES ('82', '63', '37', 'Quos velit adipisci atque ab optio repudiandae est provident. Ea cumque id architecto nobis assumenda. Laborum ad atque et illo molestiae illo quam. Quaerat optio dicta sint qui quo numquam officiis.', 'voluptatem', 5066, NULL, '2008-10-26 18:05:52', '2007-11-18 12:15:07');
INSERT INTO `media` (`id`, `media_type_id`, `user_id`, `body`, `filename`, `size`, `metadata`, `created_at`, `updated_at`) VALUES ('83', '3', '35', 'Laboriosam ratione illo iure quisquam. Sint ipsa labore velit occaecati veniam eum. Nisi aspernatur neque esse. Laudantium sunt quia quia exercitationem. Ut quo temporibus delectus quisquam vitae.', 'qui', 13518767, NULL, '2016-04-01 12:39:29', '2005-08-21 20:32:11');
INSERT INTO `media` (`id`, `media_type_id`, `user_id`, `body`, `filename`, `size`, `metadata`, `created_at`, `updated_at`) VALUES ('84', '95', '2', 'Nihil quidem omnis molestiae dolores. Reiciendis reiciendis similique blanditiis exercitationem. Hic voluptates harum recusandae numquam ea magni harum.', 'iure', 4453203, NULL, '1988-11-27 02:41:30', '1990-03-12 03:10:02');
INSERT INTO `media` (`id`, `media_type_id`, `user_id`, `body`, `filename`, `size`, `metadata`, `created_at`, `updated_at`) VALUES ('85', '17', '34', 'Nemo aperiam commodi amet reiciendis harum illum. Reprehenderit doloribus beatae tenetur rem ut qui. Nam at et optio ad voluptas odit porro. Aspernatur provident vitae sed placeat.', 'sed', 839687, NULL, '1993-07-04 02:52:37', '2022-05-24 15:23:56');
INSERT INTO `media` (`id`, `media_type_id`, `user_id`, `body`, `filename`, `size`, `metadata`, `created_at`, `updated_at`) VALUES ('86', '78', '30', 'Exercitationem architecto et harum voluptatibus beatae. Repudiandae laborum voluptas voluptatum laboriosam. Aliquam qui adipisci sit magni.', 'dolor', 208, NULL, '1981-03-31 08:17:18', '1977-05-09 01:40:18');
INSERT INTO `media` (`id`, `media_type_id`, `user_id`, `body`, `filename`, `size`, `metadata`, `created_at`, `updated_at`) VALUES ('87', '47', '60', 'Quas est aut minima dolores ut sit. Earum placeat qui ipsa corporis aperiam. Quisquam voluptatem nisi in non fugiat. Dolorum autem tenetur qui quae in asperiores eum.', 'est', 33, NULL, '1976-06-05 21:25:17', '1984-09-02 12:54:24');
INSERT INTO `media` (`id`, `media_type_id`, `user_id`, `body`, `filename`, `size`, `metadata`, `created_at`, `updated_at`) VALUES ('88', '9', '13', 'Velit rerum culpa ea quos incidunt. Rerum perferendis ex dolor modi nobis. Quibusdam nulla repellat quibusdam autem.', 'nam', 199, NULL, '1985-07-22 03:42:40', '1995-08-04 05:13:58');
INSERT INTO `media` (`id`, `media_type_id`, `user_id`, `body`, `filename`, `size`, `metadata`, `created_at`, `updated_at`) VALUES ('89', '16', '15', 'Culpa veritatis ipsam ut nihil impedit earum. Et numquam aliquam possimus repudiandae eveniet occaecati. Doloremque quaerat ratione qui consequatur. Sint ea rerum quibusdam dolores dolores est omnis nisi.', 'quis', 37260, NULL, '1999-03-17 03:21:01', '2016-05-16 08:42:50');
INSERT INTO `media` (`id`, `media_type_id`, `user_id`, `body`, `filename`, `size`, `metadata`, `created_at`, `updated_at`) VALUES ('90', '54', '72', 'Et ad blanditiis quia. Error sed voluptas ipsa dolore non distinctio perferendis. Occaecati doloribus voluptate eaque assumenda a libero quaerat. Sint qui voluptas amet autem corrupti quis nulla incidunt.', 'magnam', 169499, NULL, '2006-05-05 06:12:21', '2017-12-09 22:25:29');
INSERT INTO `media` (`id`, `media_type_id`, `user_id`, `body`, `filename`, `size`, `metadata`, `created_at`, `updated_at`) VALUES ('91', '86', '73', 'Enim a dolor et quas repellat quia. Dolor molestiae quaerat aut sit beatae sed quia reiciendis. Id id et voluptatem doloremque. Rerum ut et minus dignissimos.', 'dolores', 49, NULL, '1991-04-21 22:21:33', '2019-10-29 00:35:39');
INSERT INTO `media` (`id`, `media_type_id`, `user_id`, `body`, `filename`, `size`, `metadata`, `created_at`, `updated_at`) VALUES ('92', '57', '27', 'Pariatur aut animi placeat dicta praesentium incidunt. Nihil qui reprehenderit saepe autem. Nesciunt qui alias minima quas tempore minima minus et. Suscipit omnis totam quisquam expedita placeat voluptate. Omnis voluptas atque consequatur distinctio quia.', 'et', 7587, NULL, '1995-04-25 11:46:21', '2004-10-17 09:19:03');
INSERT INTO `media` (`id`, `media_type_id`, `user_id`, `body`, `filename`, `size`, `metadata`, `created_at`, `updated_at`) VALUES ('93', '28', '6', 'Ut voluptatibus sed est reprehenderit et. Dolor ex dolorum enim. Sint minima dolorum nesciunt qui. Temporibus at earum incidunt quia distinctio.', 'est', 3537, NULL, '1988-09-24 12:21:42', '2005-10-06 02:50:20');
INSERT INTO `media` (`id`, `media_type_id`, `user_id`, `body`, `filename`, `size`, `metadata`, `created_at`, `updated_at`) VALUES ('94', '31', '95', 'Aliquid vel in qui odio facere distinctio officiis. Et et autem nihil voluptatem. Necessitatibus quasi qui nisi molestias excepturi beatae in pariatur.', 'fugiat', 165759594, NULL, '1971-12-16 22:15:24', '1971-04-06 19:33:28');
INSERT INTO `media` (`id`, `media_type_id`, `user_id`, `body`, `filename`, `size`, `metadata`, `created_at`, `updated_at`) VALUES ('95', '88', '46', 'In sed inventore maiores a iste sint. Inventore earum officia occaecati sit. Sint laborum voluptatem eius ad possimus.', 'natus', 52984467, NULL, '1984-05-15 12:55:22', '1974-10-21 12:06:48');
INSERT INTO `media` (`id`, `media_type_id`, `user_id`, `body`, `filename`, `size`, `metadata`, `created_at`, `updated_at`) VALUES ('96', '93', '95', 'Enim commodi veritatis ea quod necessitatibus rem. Voluptatum et quas et dolorum numquam. Ratione nihil libero excepturi.', 'et', 840, NULL, '1988-09-17 13:47:35', '2003-07-27 06:40:57');
INSERT INTO `media` (`id`, `media_type_id`, `user_id`, `body`, `filename`, `size`, `metadata`, `created_at`, `updated_at`) VALUES ('97', '29', '3', 'Perferendis voluptates et asperiores accusantium perspiciatis dolor sunt. Molestias quam consectetur eos occaecati vel sed. Placeat vero soluta dicta saepe ipsa id dolorem non. Iure magni dolorem veniam qui in voluptas commodi.', 'id', 824217080, NULL, '1976-11-16 20:22:26', '2020-04-28 11:01:22');
INSERT INTO `media` (`id`, `media_type_id`, `user_id`, `body`, `filename`, `size`, `metadata`, `created_at`, `updated_at`) VALUES ('98', '31', '9', 'Laudantium in dolorem ut aliquam. Quisquam magnam est odit corporis dolor labore. Ipsam dolorem necessitatibus dignissimos id et ab voluptatem. Nobis aut autem qui consequatur enim ad.', 'eum', 0, NULL, '1980-09-04 07:35:37', '1990-03-01 23:13:50');
INSERT INTO `media` (`id`, `media_type_id`, `user_id`, `body`, `filename`, `size`, `metadata`, `created_at`, `updated_at`) VALUES ('99', '49', '64', 'Expedita minima et omnis. Quo et ut recusandae aliquid. Quae velit officia repudiandae. Ipsam blanditiis inventore est voluptatem sed.', 'iure', 267698789, NULL, '2003-12-14 13:52:14', '1975-08-10 07:45:10');
INSERT INTO `media` (`id`, `media_type_id`, `user_id`, `body`, `filename`, `size`, `metadata`, `created_at`, `updated_at`) VALUES ('100', '87', '65', 'Amet inventore ex non vel. Animi quia consequatur aliquid at quasi molestiae perspiciatis. Itaque animi quam ut.', 'suscipit', 893, NULL, '1992-06-26 00:50:51', '2004-05-14 08:29:05');


#
# TABLE STRUCTURE FOR: media_types
#

DROP TABLE IF EXISTS `media_types`;

CREATE TABLE `media_types` (
  `id` bigint(20) unsigned NOT NULL AUTO_INCREMENT,
  `name` varchar(255) COLLATE utf8mb4_unicode_ci DEFAULT NULL,
  `created_at` datetime DEFAULT current_timestamp(),
  `updated_at` datetime DEFAULT current_timestamp() ON UPDATE current_timestamp(),
  PRIMARY KEY (`id`)
) ENGINE=InnoDB AUTO_INCREMENT=101 DEFAULT CHARSET=utf8mb4 COLLATE=utf8mb4_unicode_ci;

INSERT INTO `media_types` (`id`, `name`, `created_at`, `updated_at`) VALUES ('1', 'voluptatum', '1990-11-02 16:48:57', '1985-05-26 22:33:46');
INSERT INTO `media_types` (`id`, `name`, `created_at`, `updated_at`) VALUES ('2', 'est', '2020-09-05 04:48:49', '2002-06-04 01:06:09');
INSERT INTO `media_types` (`id`, `name`, `created_at`, `updated_at`) VALUES ('3', 'debitis', '1996-02-14 08:36:24', '2004-12-23 09:58:50');
INSERT INTO `media_types` (`id`, `name`, `created_at`, `updated_at`) VALUES ('4', 'eligendi', '1997-09-15 14:35:34', '2002-05-09 21:38:15');
INSERT INTO `media_types` (`id`, `name`, `created_at`, `updated_at`) VALUES ('5', 'nulla', '1975-07-28 11:50:39', '1974-04-28 01:19:31');
INSERT INTO `media_types` (`id`, `name`, `created_at`, `updated_at`) VALUES ('6', 'expedita', '2009-08-26 23:02:45', '1981-10-04 14:19:09');
INSERT INTO `media_types` (`id`, `name`, `created_at`, `updated_at`) VALUES ('7', 'qui', '2012-11-19 19:15:08', '1981-04-04 17:00:22');
INSERT INTO `media_types` (`id`, `name`, `created_at`, `updated_at`) VALUES ('8', 'odio', '1988-02-29 23:11:53', '1991-01-15 17:04:32');
INSERT INTO `media_types` (`id`, `name`, `created_at`, `updated_at`) VALUES ('9', 'est', '1995-07-30 01:43:07', '1970-06-08 08:54:23');
INSERT INTO `media_types` (`id`, `name`, `created_at`, `updated_at`) VALUES ('10', 'est', '2006-07-03 19:20:49', '2005-08-27 22:59:25');
INSERT INTO `media_types` (`id`, `name`, `created_at`, `updated_at`) VALUES ('11', 'in', '1987-04-26 23:55:32', '2008-12-07 21:56:02');
INSERT INTO `media_types` (`id`, `name`, `created_at`, `updated_at`) VALUES ('12', 'optio', '2007-05-21 21:11:16', '2012-02-18 11:23:13');
INSERT INTO `media_types` (`id`, `name`, `created_at`, `updated_at`) VALUES ('13', 'eveniet', '2003-12-03 12:33:13', '2009-07-18 00:37:07');
INSERT INTO `media_types` (`id`, `name`, `created_at`, `updated_at`) VALUES ('14', 'ipsum', '2002-03-12 19:51:10', '2006-12-27 03:02:20');
INSERT INTO `media_types` (`id`, `name`, `created_at`, `updated_at`) VALUES ('15', 'quam', '1993-04-15 04:31:12', '2017-06-20 06:59:29');
INSERT INTO `media_types` (`id`, `name`, `created_at`, `updated_at`) VALUES ('16', 'consequatur', '2010-08-11 21:56:09', '2013-11-06 12:41:35');
INSERT INTO `media_types` (`id`, `name`, `created_at`, `updated_at`) VALUES ('17', 'eveniet', '1994-11-02 00:07:14', '2013-02-25 16:27:11');
INSERT INTO `media_types` (`id`, `name`, `created_at`, `updated_at`) VALUES ('18', 'repellendus', '1990-08-13 17:05:04', '1984-02-11 04:58:52');
INSERT INTO `media_types` (`id`, `name`, `created_at`, `updated_at`) VALUES ('19', 'error', '1974-06-03 07:06:13', '2022-11-07 02:08:19');
INSERT INTO `media_types` (`id`, `name`, `created_at`, `updated_at`) VALUES ('20', 'suscipit', '1993-01-28 18:02:06', '1988-04-10 18:34:45');
INSERT INTO `media_types` (`id`, `name`, `created_at`, `updated_at`) VALUES ('21', 'non', '1994-02-12 16:41:03', '2007-07-22 13:08:54');
INSERT INTO `media_types` (`id`, `name`, `created_at`, `updated_at`) VALUES ('22', 'accusantium', '1981-11-07 07:42:11', '1990-08-20 13:14:53');
INSERT INTO `media_types` (`id`, `name`, `created_at`, `updated_at`) VALUES ('23', 'quidem', '2014-09-23 14:08:26', '2013-04-27 16:22:53');
INSERT INTO `media_types` (`id`, `name`, `created_at`, `updated_at`) VALUES ('24', 'ut', '1984-09-10 18:04:36', '1970-10-22 21:39:23');
INSERT INTO `media_types` (`id`, `name`, `created_at`, `updated_at`) VALUES ('25', 'consectetur', '1972-11-11 18:11:48', '1976-04-02 07:29:23');
INSERT INTO `media_types` (`id`, `name`, `created_at`, `updated_at`) VALUES ('26', 'harum', '1988-03-26 18:51:43', '1990-06-22 14:08:36');
INSERT INTO `media_types` (`id`, `name`, `created_at`, `updated_at`) VALUES ('27', 'aut', '1996-12-31 15:58:57', '2016-06-26 18:40:06');
INSERT INTO `media_types` (`id`, `name`, `created_at`, `updated_at`) VALUES ('28', 'voluptatibus', '2022-09-13 02:51:26', '1981-06-25 03:47:35');
INSERT INTO `media_types` (`id`, `name`, `created_at`, `updated_at`) VALUES ('29', 'quo', '1977-10-27 13:29:00', '2003-08-04 00:08:07');
INSERT INTO `media_types` (`id`, `name`, `created_at`, `updated_at`) VALUES ('30', 'consequatur', '1995-12-08 17:44:09', '1971-09-12 07:24:12');
INSERT INTO `media_types` (`id`, `name`, `created_at`, `updated_at`) VALUES ('31', 'ullam', '1980-06-10 02:18:40', '1990-01-06 01:36:42');
INSERT INTO `media_types` (`id`, `name`, `created_at`, `updated_at`) VALUES ('32', 'voluptas', '1990-03-02 12:59:40', '2016-09-08 00:45:38');
INSERT INTO `media_types` (`id`, `name`, `created_at`, `updated_at`) VALUES ('33', 'ut', '1992-11-14 11:51:04', '1971-09-27 00:40:35');
INSERT INTO `media_types` (`id`, `name`, `created_at`, `updated_at`) VALUES ('34', 'voluptatem', '1971-06-26 06:42:32', '2022-09-10 07:17:18');
INSERT INTO `media_types` (`id`, `name`, `created_at`, `updated_at`) VALUES ('35', 'doloremque', '1983-02-26 01:21:36', '2003-09-23 13:58:36');
INSERT INTO `media_types` (`id`, `name`, `created_at`, `updated_at`) VALUES ('36', 'sapiente', '1987-07-01 03:53:53', '2015-05-28 14:35:02');
INSERT INTO `media_types` (`id`, `name`, `created_at`, `updated_at`) VALUES ('37', 'commodi', '2021-04-14 19:52:18', '2012-07-22 21:51:50');
INSERT INTO `media_types` (`id`, `name`, `created_at`, `updated_at`) VALUES ('38', 'eveniet', '1999-12-05 11:41:06', '1975-05-09 06:42:19');
INSERT INTO `media_types` (`id`, `name`, `created_at`, `updated_at`) VALUES ('39', 'aspernatur', '1977-04-23 12:27:25', '2018-07-05 04:23:58');
INSERT INTO `media_types` (`id`, `name`, `created_at`, `updated_at`) VALUES ('40', 'molestiae', '2013-02-12 08:20:42', '1983-04-23 21:23:56');
INSERT INTO `media_types` (`id`, `name`, `created_at`, `updated_at`) VALUES ('41', 'hic', '2000-08-03 02:48:19', '2007-06-04 18:45:13');
INSERT INTO `media_types` (`id`, `name`, `created_at`, `updated_at`) VALUES ('42', 'nostrum', '2010-07-19 15:27:21', '1993-03-13 00:16:15');
INSERT INTO `media_types` (`id`, `name`, `created_at`, `updated_at`) VALUES ('43', 'nulla', '2014-09-30 17:40:43', '1970-02-23 14:47:09');
INSERT INTO `media_types` (`id`, `name`, `created_at`, `updated_at`) VALUES ('44', 'qui', '2009-06-01 17:20:42', '1995-09-13 13:13:36');
INSERT INTO `media_types` (`id`, `name`, `created_at`, `updated_at`) VALUES ('45', 'molestiae', '1983-06-02 04:29:49', '1996-02-08 04:18:52');
INSERT INTO `media_types` (`id`, `name`, `created_at`, `updated_at`) VALUES ('46', 'omnis', '1978-09-17 18:00:59', '2002-09-30 22:01:33');
INSERT INTO `media_types` (`id`, `name`, `created_at`, `updated_at`) VALUES ('47', 'ex', '1973-03-12 19:23:23', '1992-01-07 13:11:12');
INSERT INTO `media_types` (`id`, `name`, `created_at`, `updated_at`) VALUES ('48', 'dicta', '1982-12-21 07:00:54', '1981-10-05 18:03:30');
INSERT INTO `media_types` (`id`, `name`, `created_at`, `updated_at`) VALUES ('49', 'eum', '1976-07-12 15:55:36', '2014-05-21 20:40:19');
INSERT INTO `media_types` (`id`, `name`, `created_at`, `updated_at`) VALUES ('50', 'sapiente', '2021-01-21 02:40:59', '1983-12-24 10:44:31');
INSERT INTO `media_types` (`id`, `name`, `created_at`, `updated_at`) VALUES ('51', 'sunt', '2022-01-02 12:50:34', '2012-11-23 06:03:01');
INSERT INTO `media_types` (`id`, `name`, `created_at`, `updated_at`) VALUES ('52', 'tempora', '1999-01-23 03:07:33', '1992-10-08 19:48:01');
INSERT INTO `media_types` (`id`, `name`, `created_at`, `updated_at`) VALUES ('53', 'commodi', '2012-05-31 16:37:41', '1974-05-05 08:33:58');
INSERT INTO `media_types` (`id`, `name`, `created_at`, `updated_at`) VALUES ('54', 'molestias', '1997-12-29 23:47:00', '1976-04-08 03:29:43');
INSERT INTO `media_types` (`id`, `name`, `created_at`, `updated_at`) VALUES ('55', 'ut', '2014-09-25 11:57:54', '1991-05-19 15:06:51');
INSERT INTO `media_types` (`id`, `name`, `created_at`, `updated_at`) VALUES ('56', 'et', '2016-12-09 11:25:41', '1981-06-01 18:45:16');
INSERT INTO `media_types` (`id`, `name`, `created_at`, `updated_at`) VALUES ('57', 'maxime', '2019-11-18 06:05:16', '2009-07-27 21:15:05');
INSERT INTO `media_types` (`id`, `name`, `created_at`, `updated_at`) VALUES ('58', 'dolorem', '1971-10-09 18:35:40', '1993-02-21 20:57:20');
INSERT INTO `media_types` (`id`, `name`, `created_at`, `updated_at`) VALUES ('59', 'et', '1989-04-18 09:38:06', '1983-07-19 15:26:49');
INSERT INTO `media_types` (`id`, `name`, `created_at`, `updated_at`) VALUES ('60', 'dolor', '2018-12-28 21:57:04', '2004-10-01 17:54:04');
INSERT INTO `media_types` (`id`, `name`, `created_at`, `updated_at`) VALUES ('61', 'explicabo', '1996-10-13 15:36:38', '2014-08-13 16:47:34');
INSERT INTO `media_types` (`id`, `name`, `created_at`, `updated_at`) VALUES ('62', 'possimus', '2005-08-31 20:43:50', '1996-02-21 06:57:41');
INSERT INTO `media_types` (`id`, `name`, `created_at`, `updated_at`) VALUES ('63', 'facere', '2012-04-24 06:54:13', '1980-03-02 01:24:04');
INSERT INTO `media_types` (`id`, `name`, `created_at`, `updated_at`) VALUES ('64', 'necessitatibus', '1982-09-19 02:28:26', '2018-08-11 19:56:10');
INSERT INTO `media_types` (`id`, `name`, `created_at`, `updated_at`) VALUES ('65', 'dolorum', '2002-03-06 15:46:45', '1993-05-02 21:38:25');
INSERT INTO `media_types` (`id`, `name`, `created_at`, `updated_at`) VALUES ('66', 'amet', '2009-05-22 09:51:11', '1990-04-29 19:04:59');
INSERT INTO `media_types` (`id`, `name`, `created_at`, `updated_at`) VALUES ('67', 'suscipit', '1988-06-08 22:29:31', '2020-08-09 11:42:34');
INSERT INTO `media_types` (`id`, `name`, `created_at`, `updated_at`) VALUES ('68', 'id', '2021-12-06 00:03:13', '1974-09-29 07:19:05');
INSERT INTO `media_types` (`id`, `name`, `created_at`, `updated_at`) VALUES ('69', 'culpa', '2000-03-25 10:26:10', '1972-04-16 12:41:23');
INSERT INTO `media_types` (`id`, `name`, `created_at`, `updated_at`) VALUES ('70', 'rem', '2006-01-27 13:53:31', '1982-02-18 00:16:55');
INSERT INTO `media_types` (`id`, `name`, `created_at`, `updated_at`) VALUES ('71', 'consequuntur', '1971-04-24 09:07:23', '2010-01-04 00:15:18');
INSERT INTO `media_types` (`id`, `name`, `created_at`, `updated_at`) VALUES ('72', 'et', '1981-11-09 15:16:43', '2015-09-21 07:45:46');
INSERT INTO `media_types` (`id`, `name`, `created_at`, `updated_at`) VALUES ('73', 'veniam', '1988-01-02 16:26:59', '1974-09-21 23:47:48');
INSERT INTO `media_types` (`id`, `name`, `created_at`, `updated_at`) VALUES ('74', 'eos', '2005-09-22 14:41:37', '1978-11-01 01:28:17');
INSERT INTO `media_types` (`id`, `name`, `created_at`, `updated_at`) VALUES ('75', 'fugiat', '1978-12-20 12:38:15', '1980-05-09 16:58:33');
INSERT INTO `media_types` (`id`, `name`, `created_at`, `updated_at`) VALUES ('76', 'eaque', '1995-05-02 12:18:41', '1978-11-25 21:03:32');
INSERT INTO `media_types` (`id`, `name`, `created_at`, `updated_at`) VALUES ('77', 'ratione', '1976-07-20 09:56:38', '1984-04-17 19:27:50');
INSERT INTO `media_types` (`id`, `name`, `created_at`, `updated_at`) VALUES ('78', 'tenetur', '1972-09-05 05:53:40', '2001-07-19 07:05:08');
INSERT INTO `media_types` (`id`, `name`, `created_at`, `updated_at`) VALUES ('79', 'quasi', '1975-08-11 10:09:58', '1991-12-12 02:24:28');
INSERT INTO `media_types` (`id`, `name`, `created_at`, `updated_at`) VALUES ('80', 'aperiam', '1982-10-25 23:47:25', '1994-04-15 19:41:02');
INSERT INTO `media_types` (`id`, `name`, `created_at`, `updated_at`) VALUES ('81', 'velit', '1997-09-29 15:52:57', '1972-01-08 14:59:11');
INSERT INTO `media_types` (`id`, `name`, `created_at`, `updated_at`) VALUES ('82', 'dolor', '1996-09-25 15:19:47', '1988-12-19 01:26:39');
INSERT INTO `media_types` (`id`, `name`, `created_at`, `updated_at`) VALUES ('83', 'vero', '2016-05-10 17:00:51', '1992-05-16 21:55:15');
INSERT INTO `media_types` (`id`, `name`, `created_at`, `updated_at`) VALUES ('84', 'quis', '2004-07-13 12:37:48', '1987-12-30 09:15:16');
INSERT INTO `media_types` (`id`, `name`, `created_at`, `updated_at`) VALUES ('85', 'beatae', '1995-09-13 08:56:43', '2001-12-24 13:22:48');
INSERT INTO `media_types` (`id`, `name`, `created_at`, `updated_at`) VALUES ('86', 'enim', '1991-07-21 22:53:53', '2000-09-27 14:07:25');
INSERT INTO `media_types` (`id`, `name`, `created_at`, `updated_at`) VALUES ('87', 'sint', '1982-05-04 08:24:22', '2010-11-14 05:00:13');
INSERT INTO `media_types` (`id`, `name`, `created_at`, `updated_at`) VALUES ('88', 'nobis', '2018-05-16 04:39:34', '2005-12-06 02:17:49');
INSERT INTO `media_types` (`id`, `name`, `created_at`, `updated_at`) VALUES ('89', 'nemo', '1980-07-05 20:02:52', '1987-05-11 22:41:36');
INSERT INTO `media_types` (`id`, `name`, `created_at`, `updated_at`) VALUES ('90', 'voluptas', '2004-01-05 01:51:50', '1981-06-14 08:14:33');
INSERT INTO `media_types` (`id`, `name`, `created_at`, `updated_at`) VALUES ('91', 'ratione', '1974-07-27 23:31:51', '1999-12-27 05:51:07');
INSERT INTO `media_types` (`id`, `name`, `created_at`, `updated_at`) VALUES ('92', 'quibusdam', '2002-03-27 20:39:24', '2013-02-04 22:25:13');
INSERT INTO `media_types` (`id`, `name`, `created_at`, `updated_at`) VALUES ('93', 'ea', '2003-05-05 09:54:20', '1996-06-03 09:26:56');
INSERT INTO `media_types` (`id`, `name`, `created_at`, `updated_at`) VALUES ('94', 'fuga', '1982-06-23 09:00:48', '2001-06-15 08:07:10');
INSERT INTO `media_types` (`id`, `name`, `created_at`, `updated_at`) VALUES ('95', 'temporibus', '1981-02-09 12:09:36', '1998-12-28 03:34:27');
INSERT INTO `media_types` (`id`, `name`, `created_at`, `updated_at`) VALUES ('96', 'quam', '1985-02-05 21:50:33', '1998-07-23 17:06:49');
INSERT INTO `media_types` (`id`, `name`, `created_at`, `updated_at`) VALUES ('97', 'quisquam', '2009-03-23 12:09:49', '2011-11-01 19:08:18');
INSERT INTO `media_types` (`id`, `name`, `created_at`, `updated_at`) VALUES ('98', 'eveniet', '1970-06-22 05:41:46', '1976-10-13 06:13:01');
INSERT INTO `media_types` (`id`, `name`, `created_at`, `updated_at`) VALUES ('99', 'voluptatem', '1989-04-28 04:10:07', '1976-08-04 18:59:46');
INSERT INTO `media_types` (`id`, `name`, `created_at`, `updated_at`) VALUES ('100', 'dolorem', '1970-03-08 17:07:01', '1976-07-20 11:51:05');


#
# TABLE STRUCTURE FOR: messages
#

DROP TABLE IF EXISTS `messages`;

CREATE TABLE `messages` (
  `id` bigint(20) unsigned NOT NULL AUTO_INCREMENT,
  `from_user_id` bigint(20) unsigned NOT NULL,
  `to_user_id` bigint(20) unsigned NOT NULL,
  `body` text COLLATE utf8mb4_unicode_ci DEFAULT NULL,
  `created_at` datetime DEFAULT current_timestamp(),
  PRIMARY KEY (`id`),
  KEY `from_user_id` (`from_user_id`),
  KEY `to_user_id` (`to_user_id`),
  CONSTRAINT `messages_ibfk_1` FOREIGN KEY (`from_user_id`) REFERENCES `users` (`id`) ON DELETE CASCADE ON UPDATE CASCADE,
  CONSTRAINT `messages_ibfk_2` FOREIGN KEY (`to_user_id`) REFERENCES `users` (`id`) ON DELETE CASCADE ON UPDATE CASCADE
) ENGINE=InnoDB AUTO_INCREMENT=101 DEFAULT CHARSET=utf8mb4 COLLATE=utf8mb4_unicode_ci;

INSERT INTO `messages` (`id`, `from_user_id`, `to_user_id`, `body`, `created_at`) VALUES ('1', '91', '87', 'Ut eum ea est explicabo sed et. Impedit enim ea eveniet repudiandae harum sed aliquid. Error consequatur fuga officiis molestias.', '1981-07-20 18:56:46');
INSERT INTO `messages` (`id`, `from_user_id`, `to_user_id`, `body`, `created_at`) VALUES ('2', '40', '72', 'Ut et itaque impedit et. Quibusdam consectetur quas voluptatem magni officia. Iusto hic quos omnis aliquam earum repellendus. Et et sunt saepe vel laudantium inventore.', '1989-05-27 19:59:51');
INSERT INTO `messages` (`id`, `from_user_id`, `to_user_id`, `body`, `created_at`) VALUES ('3', '50', '87', 'Qui distinctio minus optio est sed. Ut sunt ducimus dignissimos hic alias. Voluptatem eos quaerat voluptates labore et optio dolore. Possimus similique est rerum qui ea iusto et.', '1990-11-01 06:52:39');
INSERT INTO `messages` (`id`, `from_user_id`, `to_user_id`, `body`, `created_at`) VALUES ('4', '92', '24', 'Architecto nesciunt sint asperiores libero corrupti nihil. Dolor inventore eos quo praesentium. Officiis rem molestiae aperiam et optio modi. Est similique optio repellat.', '2000-03-16 13:04:23');
INSERT INTO `messages` (`id`, `from_user_id`, `to_user_id`, `body`, `created_at`) VALUES ('5', '75', '52', 'Delectus officia illum explicabo. Praesentium qui ratione itaque omnis. Vel assumenda sint ratione soluta possimus.', '1981-09-03 09:52:41');
INSERT INTO `messages` (`id`, `from_user_id`, `to_user_id`, `body`, `created_at`) VALUES ('6', '39', '73', 'Repellendus sequi suscipit nesciunt est soluta. Consequatur dicta mollitia nihil est reiciendis exercitationem excepturi temporibus.', '2020-03-11 13:51:41');
INSERT INTO `messages` (`id`, `from_user_id`, `to_user_id`, `body`, `created_at`) VALUES ('7', '95', '29', 'Ipsum qui sint repellendus sapiente tenetur. Ut ea odit doloribus ut perferendis doloremque. Magnam aut numquam id sint. Magnam quas sequi in et occaecati est sit.', '1974-06-08 12:10:57');
INSERT INTO `messages` (`id`, `from_user_id`, `to_user_id`, `body`, `created_at`) VALUES ('8', '7', '41', 'Sunt libero enim quo placeat voluptatem mollitia. Vero ducimus et nesciunt molestiae laudantium perferendis tenetur. Adipisci dolorum dolores id hic consequatur aut. Labore quidem laboriosam incidunt illo id iste alias.', '1981-10-08 19:37:22');
INSERT INTO `messages` (`id`, `from_user_id`, `to_user_id`, `body`, `created_at`) VALUES ('9', '89', '93', 'Nesciunt reiciendis quia ipsum assumenda architecto debitis vel. Sint eaque similique soluta qui. Vitae dicta voluptatem illum. Occaecati eveniet architecto in itaque fuga minus.', '2008-08-03 15:24:00');
INSERT INTO `messages` (`id`, `from_user_id`, `to_user_id`, `body`, `created_at`) VALUES ('10', '35', '17', 'Natus corrupti ratione soluta unde. Nihil molestiae est fuga dolore ipsa nulla. Qui non commodi rerum dolor praesentium vel quos.', '1970-10-18 01:14:33');
INSERT INTO `messages` (`id`, `from_user_id`, `to_user_id`, `body`, `created_at`) VALUES ('11', '61', '91', 'Odit sed eaque neque suscipit sunt temporibus. Doloribus laudantium ullam voluptates reprehenderit fuga et. Illo incidunt porro vel exercitationem cumque rerum excepturi autem. Soluta nihil inventore illo blanditiis fugit odit voluptatem ea.', '2009-05-06 18:49:45');
INSERT INTO `messages` (`id`, `from_user_id`, `to_user_id`, `body`, `created_at`) VALUES ('12', '49', '59', 'Laboriosam expedita placeat atque nulla eius molestiae ut. Et et ducimus tempora id. Commodi qui veniam sit veniam alias officia. Voluptatum numquam quia atque quae dolorem.', '2005-08-10 15:38:54');
INSERT INTO `messages` (`id`, `from_user_id`, `to_user_id`, `body`, `created_at`) VALUES ('13', '99', '92', 'Consequatur quae sed nihil omnis quia minus. Unde sed animi perferendis modi. Adipisci consequatur ab est dolor placeat quia. Placeat maxime beatae ipsa impedit.', '1976-12-16 11:29:46');
INSERT INTO `messages` (`id`, `from_user_id`, `to_user_id`, `body`, `created_at`) VALUES ('14', '3', '71', 'Maxime repudiandae consequatur aspernatur sapiente ratione. Sequi amet quibusdam tenetur eveniet quia vero. Nam nemo consectetur ut.', '1970-04-22 14:21:56');
INSERT INTO `messages` (`id`, `from_user_id`, `to_user_id`, `body`, `created_at`) VALUES ('15', '71', '95', 'Veritatis nisi voluptas dolores repudiandae cum. Ducimus voluptatem est dignissimos quia quas. Modi aut ullam hic soluta.', '1992-12-15 09:35:23');
INSERT INTO `messages` (`id`, `from_user_id`, `to_user_id`, `body`, `created_at`) VALUES ('16', '20', '47', 'Et velit quam ut similique. A dolorum hic aperiam sed aut quia.', '1972-09-19 09:23:33');
INSERT INTO `messages` (`id`, `from_user_id`, `to_user_id`, `body`, `created_at`) VALUES ('17', '6', '85', 'Molestiae rerum eos ratione voluptas consequatur. Similique dolores officia qui consequuntur. Voluptatem perspiciatis velit distinctio voluptatem quasi. Et id voluptate facere laboriosam.', '2021-10-16 02:05:42');
INSERT INTO `messages` (`id`, `from_user_id`, `to_user_id`, `body`, `created_at`) VALUES ('18', '6', '87', 'Cupiditate fuga eius illum illo aperiam. Inventore sapiente consequuntur qui soluta. Fuga dolor libero accusamus quo.', '1982-12-09 00:54:29');
INSERT INTO `messages` (`id`, `from_user_id`, `to_user_id`, `body`, `created_at`) VALUES ('19', '7', '92', 'Mollitia nisi eos cupiditate aut dignissimos ut qui. Est ut omnis sed et doloremque sequi voluptas qui. Id accusantium in deleniti mollitia. Nesciunt commodi laudantium numquam perspiciatis adipisci cupiditate dolorem.', '1983-08-25 10:46:00');
INSERT INTO `messages` (`id`, `from_user_id`, `to_user_id`, `body`, `created_at`) VALUES ('20', '17', '29', 'Neque molestiae earum et quidem minima a minima voluptates. Vel deserunt explicabo error veniam reiciendis dolore. Recusandae est sed consequatur.', '1994-07-20 11:16:13');
INSERT INTO `messages` (`id`, `from_user_id`, `to_user_id`, `body`, `created_at`) VALUES ('21', '36', '41', 'Iusto cum iure id voluptate maxime. Omnis minus ipsam suscipit qui. Possimus tempora quasi velit tenetur et facilis enim saepe. Facilis incidunt ea ipsa et libero aspernatur quas.', '1984-04-14 14:13:20');
INSERT INTO `messages` (`id`, `from_user_id`, `to_user_id`, `body`, `created_at`) VALUES ('22', '10', '14', 'Sed magni porro debitis odio est fuga minus. Ut voluptatem non et labore dolor et nisi quia.', '1996-06-18 13:51:50');
INSERT INTO `messages` (`id`, `from_user_id`, `to_user_id`, `body`, `created_at`) VALUES ('23', '53', '83', 'Et nesciunt quia nesciunt vero facere. Quos odio quaerat consectetur ut. Et quod officia porro nam.', '2003-05-20 11:15:42');
INSERT INTO `messages` (`id`, `from_user_id`, `to_user_id`, `body`, `created_at`) VALUES ('24', '36', '8', 'Praesentium et eius voluptates reiciendis unde cupiditate et aut. Eum blanditiis deserunt sapiente cum facilis unde aut. Ipsum corrupti fugiat ipsam et.', '1975-11-18 20:33:01');
INSERT INTO `messages` (`id`, `from_user_id`, `to_user_id`, `body`, `created_at`) VALUES ('25', '35', '97', 'Minima voluptate quam et accusantium sint nulla dolores quo. Non aut aut molestias et. Id ea qui voluptas dolorem alias consequuntur non. Magnam sunt vero cupiditate quia reiciendis.', '2002-02-01 06:55:11');
INSERT INTO `messages` (`id`, `from_user_id`, `to_user_id`, `body`, `created_at`) VALUES ('26', '77', '31', 'Officia enim dolorem aut esse sunt sit eum. Distinctio et eius quo veritatis. Ut ipsum vitae error ut molestias.', '1991-11-09 23:50:53');
INSERT INTO `messages` (`id`, `from_user_id`, `to_user_id`, `body`, `created_at`) VALUES ('27', '13', '20', 'Et sed sit reprehenderit. Est atque vero adipisci aut ad iusto neque voluptatem. Corrupti eum consequatur laboriosam quia ea saepe ut.', '1971-05-03 00:37:30');
INSERT INTO `messages` (`id`, `from_user_id`, `to_user_id`, `body`, `created_at`) VALUES ('28', '65', '86', 'Quae dolores et laudantium nam. Ut qui dicta et eius fuga excepturi recusandae. Illum sed dignissimos possimus officiis ut quibusdam. Incidunt et commodi molestiae est ut incidunt ut non.', '2017-04-20 13:07:54');
INSERT INTO `messages` (`id`, `from_user_id`, `to_user_id`, `body`, `created_at`) VALUES ('29', '25', '63', 'Eius recusandae culpa nihil vel cumque. Inventore quam quia et quam consequatur dolor consectetur. Velit consectetur accusamus architecto impedit reprehenderit et sit. Ut odit assumenda totam qui placeat molestiae.', '1972-02-23 10:07:32');
INSERT INTO `messages` (`id`, `from_user_id`, `to_user_id`, `body`, `created_at`) VALUES ('30', '36', '83', 'Molestias hic et explicabo. Ea autem aperiam aspernatur mollitia. Non et non quo eius qui officiis.', '1986-04-16 20:58:35');
INSERT INTO `messages` (`id`, `from_user_id`, `to_user_id`, `body`, `created_at`) VALUES ('31', '99', '63', 'Ut officia consequatur ipsum delectus aut numquam est. Officiis porro atque similique et ut eveniet. Consequatur in pariatur autem alias. Id repellat enim perspiciatis veritatis nihil quasi perspiciatis ullam.', '2000-10-16 05:10:26');
INSERT INTO `messages` (`id`, `from_user_id`, `to_user_id`, `body`, `created_at`) VALUES ('32', '24', '44', 'Recusandae dolor dolor error veniam modi tempora qui enim. Sapiente quis error sunt animi maiores odio totam. Non et ab consequuntur autem optio. Ut vel non provident excepturi.', '2022-02-24 17:29:55');
INSERT INTO `messages` (`id`, `from_user_id`, `to_user_id`, `body`, `created_at`) VALUES ('33', '38', '76', 'Ducimus nostrum impedit autem sed. Voluptas ea assumenda similique. Ipsa vitae enim quibusdam quia culpa ea. Quaerat distinctio molestiae sint temporibus illum.', '2014-03-25 21:25:14');
INSERT INTO `messages` (`id`, `from_user_id`, `to_user_id`, `body`, `created_at`) VALUES ('34', '89', '97', 'Ad error quidem aut quo maiores. Qui sit rerum fugit omnis explicabo. Blanditiis nihil fuga ea qui facere veritatis.', '2007-01-23 10:27:12');
INSERT INTO `messages` (`id`, `from_user_id`, `to_user_id`, `body`, `created_at`) VALUES ('35', '93', '50', 'Laboriosam alias corporis qui eveniet. Voluptas pariatur aut vero fuga sit et. Consequatur quo doloremque autem deleniti sit corrupti. Consequuntur placeat autem dolor aliquam vitae omnis.', '2011-03-26 08:55:19');
INSERT INTO `messages` (`id`, `from_user_id`, `to_user_id`, `body`, `created_at`) VALUES ('36', '16', '81', 'Voluptatem aliquid impedit quis fuga provident dolor maxime. Numquam quasi suscipit voluptas ullam enim et velit tempora. Reprehenderit dignissimos atque quibusdam.', '1993-08-11 02:21:12');
INSERT INTO `messages` (`id`, `from_user_id`, `to_user_id`, `body`, `created_at`) VALUES ('37', '92', '24', 'Cum sapiente saepe consequatur qui totam aut repellendus minus. Corporis consequatur et atque nulla voluptas labore iure. Maiores ab cumque quidem et. Tenetur quia facere et placeat.', '1974-03-10 04:27:47');
INSERT INTO `messages` (`id`, `from_user_id`, `to_user_id`, `body`, `created_at`) VALUES ('38', '21', '67', 'Error ab quisquam sint at exercitationem laudantium quisquam. Eaque qui et cum alias et ipsa est. Animi sapiente quidem illum omnis non odit animi.', '2002-07-01 01:53:34');
INSERT INTO `messages` (`id`, `from_user_id`, `to_user_id`, `body`, `created_at`) VALUES ('39', '69', '75', 'At nam eum porro omnis. Id est dolores non facilis. Reiciendis occaecati reprehenderit eos possimus. Eaque accusamus eum aut quibusdam.', '2019-05-10 22:03:11');
INSERT INTO `messages` (`id`, `from_user_id`, `to_user_id`, `body`, `created_at`) VALUES ('40', '15', '60', 'Voluptates porro maiores est voluptate dolor soluta aut. Ea perspiciatis ratione quo eos sunt sapiente soluta.', '2011-10-06 14:24:00');
INSERT INTO `messages` (`id`, `from_user_id`, `to_user_id`, `body`, `created_at`) VALUES ('41', '63', '88', 'Error quidem delectus expedita repudiandae. Et quod aliquam ut eos ullam a. Reprehenderit laudantium sit est ut.', '2009-10-16 20:20:16');
INSERT INTO `messages` (`id`, `from_user_id`, `to_user_id`, `body`, `created_at`) VALUES ('42', '77', '39', 'Repudiandae repellendus tempora minima est corrupti quaerat voluptatum. Vel consequatur quaerat numquam qui dignissimos fugit qui. Et molestiae nam nisi officia est autem et. Mollitia a aut ea nam ex.', '1974-05-05 12:54:42');
INSERT INTO `messages` (`id`, `from_user_id`, `to_user_id`, `body`, `created_at`) VALUES ('43', '72', '89', 'Sint aut dolore vel saepe. Impedit fuga quas quaerat dolor.', '2018-12-03 04:00:54');
INSERT INTO `messages` (`id`, `from_user_id`, `to_user_id`, `body`, `created_at`) VALUES ('44', '25', '62', 'Quia reprehenderit quibusdam aut quidem aut deleniti explicabo. Id sequi esse sit ut corporis voluptates velit. Et natus enim quo. Corporis quam ex aut nostrum sint iure sed.', '2006-08-06 19:50:17');
INSERT INTO `messages` (`id`, `from_user_id`, `to_user_id`, `body`, `created_at`) VALUES ('45', '39', '65', 'Aperiam ducimus assumenda doloremque ipsum. Tempore expedita officia est quaerat ipsum est. Ipsum vero non animi. Magni ducimus itaque hic eaque. Quibusdam omnis qui sit.', '1985-12-04 06:11:29');
INSERT INTO `messages` (`id`, `from_user_id`, `to_user_id`, `body`, `created_at`) VALUES ('46', '70', '14', 'Sit beatae neque possimus nulla nihil qui error quisquam. Ipsam est perspiciatis aut est inventore debitis voluptatem. Velit autem consequatur voluptatem omnis deleniti nulla facilis qui.', '2015-11-29 08:01:49');
INSERT INTO `messages` (`id`, `from_user_id`, `to_user_id`, `body`, `created_at`) VALUES ('47', '33', '2', 'Est et possimus dolore eaque aut et recusandae. Expedita est velit accusamus. Aut amet eligendi optio illum quidem.', '2006-07-20 12:37:48');
INSERT INTO `messages` (`id`, `from_user_id`, `to_user_id`, `body`, `created_at`) VALUES ('48', '35', '11', 'Autem rerum ipsa non illum non non labore eius. Nobis magni ut enim. Molestiae dolor qui commodi vitae quis quis quisquam.', '1976-06-21 02:07:48');
INSERT INTO `messages` (`id`, `from_user_id`, `to_user_id`, `body`, `created_at`) VALUES ('49', '23', '49', 'Sunt itaque quo odit blanditiis aut rerum. Deserunt tenetur autem enim eius numquam quasi numquam dignissimos. Similique voluptate nulla voluptate exercitationem fugit suscipit. Ut non porro incidunt.', '1999-06-11 21:45:47');
INSERT INTO `messages` (`id`, `from_user_id`, `to_user_id`, `body`, `created_at`) VALUES ('50', '41', '25', 'Ab facilis non modi repudiandae nostrum. Dicta id voluptatem esse accusamus cumque. Minus quod dolores dolorum quidem labore et qui.', '2015-11-13 04:52:14');
INSERT INTO `messages` (`id`, `from_user_id`, `to_user_id`, `body`, `created_at`) VALUES ('51', '14', '40', 'Ut aut eveniet et ut rem. Suscipit eius voluptatem ut nisi itaque nisi. Quasi atque aut labore placeat.', '2000-07-04 02:14:14');
INSERT INTO `messages` (`id`, `from_user_id`, `to_user_id`, `body`, `created_at`) VALUES ('52', '73', '70', 'Autem et ut sequi occaecati tenetur architecto. Quis rerum quia sed est distinctio assumenda quo. Voluptatem molestiae perspiciatis aut consequatur et sunt.', '2020-06-15 07:26:24');
INSERT INTO `messages` (`id`, `from_user_id`, `to_user_id`, `body`, `created_at`) VALUES ('53', '75', '64', 'Qui mollitia veritatis molestiae unde. Explicabo quia natus eaque consequuntur eveniet non et. Aperiam molestias ea fuga temporibus recusandae.', '1999-08-17 13:02:39');
INSERT INTO `messages` (`id`, `from_user_id`, `to_user_id`, `body`, `created_at`) VALUES ('54', '47', '26', 'Doloremque libero nisi qui ab non asperiores. Qui eum illum possimus minus. Tempora provident iste assumenda. Voluptatibus perferendis et tempore ut recusandae pariatur.', '2004-01-08 13:48:49');
INSERT INTO `messages` (`id`, `from_user_id`, `to_user_id`, `body`, `created_at`) VALUES ('55', '72', '65', 'Ut aliquid odio perspiciatis sint ut repudiandae dolorem quam. Aspernatur repudiandae rerum molestiae fuga. Rerum neque iusto illo quisquam.', '2000-07-27 07:23:49');
INSERT INTO `messages` (`id`, `from_user_id`, `to_user_id`, `body`, `created_at`) VALUES ('56', '83', '53', 'Animi qui qui ducimus id ratione voluptatem vel. Non sed quos omnis id. Ut rem ratione neque necessitatibus. Vero veniam rerum cumque quod dolor id laborum debitis.', '2010-05-04 12:55:49');
INSERT INTO `messages` (`id`, `from_user_id`, `to_user_id`, `body`, `created_at`) VALUES ('57', '14', '26', 'Similique necessitatibus corrupti facilis praesentium. Ab quia quas aut et dolorum. Quo et a magni culpa perferendis odit ut eos.', '1973-08-12 10:41:05');
INSERT INTO `messages` (`id`, `from_user_id`, `to_user_id`, `body`, `created_at`) VALUES ('58', '19', '64', 'Eos est aut qui et voluptatem consequatur. Consequatur dignissimos non voluptate. Nobis ut quod corporis ut sint sint officiis vel. Doloribus esse quis voluptas repudiandae velit aliquam sit. Iste sed doloremque distinctio aut sapiente incidunt.', '2018-10-27 23:17:49');
INSERT INTO `messages` (`id`, `from_user_id`, `to_user_id`, `body`, `created_at`) VALUES ('59', '70', '59', 'Ducimus aut magni sequi. Quisquam totam quia rerum et eligendi ipsam est. Magni similique impedit consequatur aut sit sunt facere sequi. Rerum quaerat voluptas qui dignissimos.', '2005-01-19 20:57:16');
INSERT INTO `messages` (`id`, `from_user_id`, `to_user_id`, `body`, `created_at`) VALUES ('60', '66', '80', 'Consequatur libero neque animi error. Porro quia est esse fugit aut temporibus eos. Distinctio in reiciendis tempore.', '1984-01-18 18:56:42');
INSERT INTO `messages` (`id`, `from_user_id`, `to_user_id`, `body`, `created_at`) VALUES ('61', '10', '82', 'Et modi quae iure similique inventore. Ipsum et et nisi. Maiores officia sapiente et magni vitae. Delectus nobis facilis qui nihil.', '1974-07-12 05:42:15');
INSERT INTO `messages` (`id`, `from_user_id`, `to_user_id`, `body`, `created_at`) VALUES ('62', '50', '52', 'Quia nihil accusamus amet ut dignissimos. Atque aut in rerum tempore cupiditate ab. Ipsam dolore provident ex suscipit quidem.', '1992-01-18 01:36:43');
INSERT INTO `messages` (`id`, `from_user_id`, `to_user_id`, `body`, `created_at`) VALUES ('63', '12', '60', 'Adipisci numquam est ut doloribus saepe veniam expedita. Consequatur dignissimos aliquid quidem dolorem. Nisi esse nihil accusamus et. Aliquam rerum earum rem et assumenda. Ea illo quasi ea quae sed est et.', '1997-12-24 12:31:38');
INSERT INTO `messages` (`id`, `from_user_id`, `to_user_id`, `body`, `created_at`) VALUES ('64', '5', '84', 'Voluptate aliquid quo recusandae a atque nobis. Vitae et quas et voluptatibus sed qui. Et harum consequatur ipsam temporibus quasi. Quo minus repellat voluptas dolorum consequatur.', '2013-04-03 01:34:39');
INSERT INTO `messages` (`id`, `from_user_id`, `to_user_id`, `body`, `created_at`) VALUES ('65', '96', '90', 'Eos porro omnis autem dolorem. Fugit eos natus optio quidem.', '2001-08-09 08:50:53');
INSERT INTO `messages` (`id`, `from_user_id`, `to_user_id`, `body`, `created_at`) VALUES ('66', '22', '75', 'Quod dolores natus totam aut eius quisquam quaerat. Excepturi nulla est odit ad quaerat sed quis.', '1986-11-18 02:50:36');
INSERT INTO `messages` (`id`, `from_user_id`, `to_user_id`, `body`, `created_at`) VALUES ('67', '93', '66', 'Cum consequatur saepe aut quae expedita laboriosam iure. Aliquam occaecati architecto quas dolores. Ullam quam unde ducimus perspiciatis eius dolore et dolorum. Iste aut harum ut vel.', '2002-03-27 19:07:35');
INSERT INTO `messages` (`id`, `from_user_id`, `to_user_id`, `body`, `created_at`) VALUES ('68', '89', '86', 'Corporis recusandae dicta ex natus quam quis. Reiciendis officiis rerum quaerat ut totam quos et. Voluptas error sint temporibus voluptas molestiae.', '1970-07-19 15:10:14');
INSERT INTO `messages` (`id`, `from_user_id`, `to_user_id`, `body`, `created_at`) VALUES ('69', '34', '38', 'Qui recusandae est inventore eaque. Eaque enim qui veritatis voluptatem laboriosam et. Deserunt rerum unde sunt unde dolores vitae necessitatibus.', '1984-09-22 07:08:57');
INSERT INTO `messages` (`id`, `from_user_id`, `to_user_id`, `body`, `created_at`) VALUES ('70', '47', '7', 'Odit nesciunt facilis rem sint. Dolor culpa et incidunt. Eum doloribus totam ea necessitatibus. Ipsum accusantium eum et.', '2012-02-16 18:22:53');
INSERT INTO `messages` (`id`, `from_user_id`, `to_user_id`, `body`, `created_at`) VALUES ('71', '6', '99', 'Asperiores qui corrupti sit. Nemo sed velit rem provident magni. Quae ducimus id qui eos quae sed porro.', '2001-11-22 21:51:42');
INSERT INTO `messages` (`id`, `from_user_id`, `to_user_id`, `body`, `created_at`) VALUES ('72', '81', '57', 'Exercitationem aut dolores qui laborum. Omnis iure libero est accusantium est iste exercitationem repellendus. Dolor ea qui et alias ex ut. Consequuntur quis veritatis magni nihil totam numquam deleniti.', '1992-12-20 09:15:06');
INSERT INTO `messages` (`id`, `from_user_id`, `to_user_id`, `body`, `created_at`) VALUES ('73', '79', '91', 'Iste dolor deserunt esse et suscipit ut. Qui eligendi deleniti unde voluptatibus iusto enim voluptatem aut. Et sint voluptas perferendis repellendus ad alias.', '1978-05-26 11:38:07');
INSERT INTO `messages` (`id`, `from_user_id`, `to_user_id`, `body`, `created_at`) VALUES ('74', '71', '80', 'Sed dolorem qui earum autem. Sed accusamus cumque debitis tempore quasi placeat eius. Et et veniam dicta qui voluptas id quia sunt.', '1998-06-23 03:26:00');
INSERT INTO `messages` (`id`, `from_user_id`, `to_user_id`, `body`, `created_at`) VALUES ('75', '23', '7', 'Dolorem necessitatibus et consectetur velit soluta id. Dolorum rerum et voluptate occaecati sit magnam a. Dolorem veniam est commodi mollitia.', '1985-07-11 17:53:10');
INSERT INTO `messages` (`id`, `from_user_id`, `to_user_id`, `body`, `created_at`) VALUES ('76', '11', '28', 'Rem sint dolor ut voluptatum dolores. Ullam est et sunt minus. Aut dignissimos cum qui delectus vel odio dolorem. Rerum et dolor aut quos quibusdam aliquam et id.', '2008-10-28 12:12:33');
INSERT INTO `messages` (`id`, `from_user_id`, `to_user_id`, `body`, `created_at`) VALUES ('77', '55', '46', 'Molestiae rerum dignissimos facere quia quia incidunt rerum. Asperiores est qui laboriosam repudiandae. Ab ipsum ut natus qui.', '2013-04-02 15:02:37');
INSERT INTO `messages` (`id`, `from_user_id`, `to_user_id`, `body`, `created_at`) VALUES ('78', '77', '50', 'Quia et praesentium ut asperiores necessitatibus sed delectus quae. Et aut facere quasi accusantium ut omnis veritatis. Aut expedita laborum nam omnis.', '1993-07-18 02:30:59');
INSERT INTO `messages` (`id`, `from_user_id`, `to_user_id`, `body`, `created_at`) VALUES ('79', '77', '3', 'Eius voluptatem ut omnis quia. Fugit autem delectus qui provident iste. Asperiores eum tenetur enim. Rem at tempore omnis dolorum et totam accusamus.', '1978-07-24 16:10:30');
INSERT INTO `messages` (`id`, `from_user_id`, `to_user_id`, `body`, `created_at`) VALUES ('80', '74', '19', 'Sed est qui corrupti mollitia incidunt. Qui dolor ea quisquam et adipisci doloremque cupiditate. Aut occaecati culpa unde libero est veritatis laboriosam.', '2009-09-25 05:20:11');
INSERT INTO `messages` (`id`, `from_user_id`, `to_user_id`, `body`, `created_at`) VALUES ('81', '64', '67', 'Quam aut tempora sapiente est hic. Eligendi odit porro illo voluptas est fugiat totam tenetur. Sunt omnis consequuntur sunt dolores optio veritatis.', '2001-10-23 02:58:39');
INSERT INTO `messages` (`id`, `from_user_id`, `to_user_id`, `body`, `created_at`) VALUES ('82', '99', '34', 'Reprehenderit dolorem corrupti vero officia. Id ea enim voluptatibus nesciunt quia non enim. Ut natus eligendi nesciunt in. Tempora doloremque tenetur ab perferendis incidunt quod. Nesciunt saepe vel ut aut nulla esse.', '2006-10-23 17:33:47');
INSERT INTO `messages` (`id`, `from_user_id`, `to_user_id`, `body`, `created_at`) VALUES ('83', '23', '29', 'Autem sint assumenda sit aperiam aut eius eveniet. Laboriosam dolorum nostrum voluptatum alias fuga. Hic quod tempora exercitationem.', '2014-07-02 02:16:14');
INSERT INTO `messages` (`id`, `from_user_id`, `to_user_id`, `body`, `created_at`) VALUES ('84', '42', '31', 'Vero quae sunt dicta dolorum. Autem doloribus sint ut quia culpa. Quia consequatur rem provident et eos quibusdam accusantium. Asperiores praesentium aut labore error dicta et.', '2017-07-23 06:03:59');
INSERT INTO `messages` (`id`, `from_user_id`, `to_user_id`, `body`, `created_at`) VALUES ('85', '1', '24', 'Id corrupti et reprehenderit. Sunt deleniti est repudiandae velit quaerat. Voluptas dolor autem labore perferendis.', '1970-03-02 03:25:03');
INSERT INTO `messages` (`id`, `from_user_id`, `to_user_id`, `body`, `created_at`) VALUES ('86', '36', '53', 'Quaerat ipsum rerum ut saepe. Dolores quo molestiae ad accusamus vel sapiente corrupti. Esse ut omnis voluptatum sequi. Molestiae quo commodi velit sed doloribus.', '1981-11-10 12:36:36');
INSERT INTO `messages` (`id`, `from_user_id`, `to_user_id`, `body`, `created_at`) VALUES ('87', '21', '67', 'Facilis non et et deleniti. Culpa repellat aliquid quos. Voluptatum voluptatem reiciendis fuga id sed qui qui. Eaque facilis quisquam modi vero non adipisci.', '1993-12-22 00:54:46');
INSERT INTO `messages` (`id`, `from_user_id`, `to_user_id`, `body`, `created_at`) VALUES ('88', '2', '67', 'Id et natus ut id veniam perspiciatis rem. Ut deserunt enim consequatur minus quam. Quia explicabo harum rerum maiores voluptatem dolorum nulla molestiae.', '1991-08-25 09:57:22');
INSERT INTO `messages` (`id`, `from_user_id`, `to_user_id`, `body`, `created_at`) VALUES ('89', '4', '86', 'Iure odit odio quia veritatis et. Quia placeat et nostrum iusto ut. Reprehenderit est aut enim. Ipsam velit magni enim voluptatem voluptas.', '1987-04-13 13:39:11');
INSERT INTO `messages` (`id`, `from_user_id`, `to_user_id`, `body`, `created_at`) VALUES ('90', '26', '77', 'Fugiat est quis velit officiis. Eos itaque deleniti eum ut. Et culpa iste repudiandae suscipit at.', '1977-10-01 21:42:57');
INSERT INTO `messages` (`id`, `from_user_id`, `to_user_id`, `body`, `created_at`) VALUES ('91', '81', '91', 'Velit blanditiis voluptatibus est ea quos. At quasi quam tempora quo tempore rerum.', '2002-02-19 04:48:47');
INSERT INTO `messages` (`id`, `from_user_id`, `to_user_id`, `body`, `created_at`) VALUES ('92', '66', '51', 'Est blanditiis at accusamus. Voluptatum nam eos nihil harum. Nulla rerum qui autem et. Ea velit aut animi reiciendis qui.', '2015-09-24 21:08:34');
INSERT INTO `messages` (`id`, `from_user_id`, `to_user_id`, `body`, `created_at`) VALUES ('93', '83', '90', 'Placeat sed dolorum quas assumenda et occaecati cum quo. Quis qui rem voluptatibus in sit. Quia debitis voluptates voluptatem nemo accusantium itaque iusto rerum.', '1994-01-29 17:09:05');
INSERT INTO `messages` (`id`, `from_user_id`, `to_user_id`, `body`, `created_at`) VALUES ('94', '81', '59', 'Cumque quia minus quae sapiente non enim quos. Dolorum quia maxime officia earum maxime autem. Vero nostrum est non sed minus voluptas minus laboriosam. Adipisci magnam dicta odio.', '1996-02-17 18:37:36');
INSERT INTO `messages` (`id`, `from_user_id`, `to_user_id`, `body`, `created_at`) VALUES ('95', '94', '76', 'Excepturi error amet voluptas voluptatum vel laborum. Blanditiis rem nulla repudiandae error occaecati autem libero. Eos voluptates saepe beatae nemo autem. Sapiente aut sint omnis consequatur voluptatem ad aut.', '2018-02-28 10:57:24');
INSERT INTO `messages` (`id`, `from_user_id`, `to_user_id`, `body`, `created_at`) VALUES ('96', '30', '15', 'Provident illum ut et debitis inventore autem et. Odit est et fugit numquam sunt unde. Optio consectetur id quia odio nulla id et. Eum voluptas dolor non.', '2000-12-01 08:56:24');
INSERT INTO `messages` (`id`, `from_user_id`, `to_user_id`, `body`, `created_at`) VALUES ('97', '26', '39', 'Deleniti enim sed quo illum minima eius molestiae. Quidem eos necessitatibus ipsum dolorem atque quis maxime. Quo non modi odio dolor quas perspiciatis consequatur aut. Ad rerum deserunt dicta sit quo suscipit.', '1999-06-04 21:07:27');
INSERT INTO `messages` (`id`, `from_user_id`, `to_user_id`, `body`, `created_at`) VALUES ('98', '92', '32', 'Blanditiis officia beatae eos odio corporis. Amet beatae voluptas aut quis eius occaecati. Aut dolor illum et et quia et quia aut.', '1981-12-22 16:34:24');
INSERT INTO `messages` (`id`, `from_user_id`, `to_user_id`, `body`, `created_at`) VALUES ('99', '96', '77', 'Velit odit voluptas reprehenderit qui quia et est. Quod sit at aperiam quis quibusdam et. Alias quaerat in quia a et maxime id.', '1988-07-08 06:00:08');
INSERT INTO `messages` (`id`, `from_user_id`, `to_user_id`, `body`, `created_at`) VALUES ('100', '62', '97', 'Earum assumenda labore molestiae aut. Natus ea officiis autem fugiat molestiae. Qui perspiciatis earum ut soluta quis doloremque. Odio architecto a et ut.', '1994-10-14 20:23:22');


#
# TABLE STRUCTURE FOR: photo_albums
#

DROP TABLE IF EXISTS `photo_albums`;

CREATE TABLE `photo_albums` (
  `id` bigint(20) unsigned NOT NULL AUTO_INCREMENT,
  `name` varchar(255) COLLATE utf8mb4_unicode_ci DEFAULT NULL,
  `user_id` bigint(20) unsigned DEFAULT NULL,
  PRIMARY KEY (`id`),
  UNIQUE KEY `id` (`id`),
  KEY `user_id` (`user_id`),
  CONSTRAINT `photo_albums_ibfk_1` FOREIGN KEY (`user_id`) REFERENCES `users` (`id`) ON DELETE SET NULL ON UPDATE CASCADE
) ENGINE=InnoDB AUTO_INCREMENT=101 DEFAULT CHARSET=utf8mb4 COLLATE=utf8mb4_unicode_ci;

INSERT INTO `photo_albums` (`id`, `name`, `user_id`) VALUES ('1', 'exercitationem', '16');
INSERT INTO `photo_albums` (`id`, `name`, `user_id`) VALUES ('2', 'aliquid', '51');
INSERT INTO `photo_albums` (`id`, `name`, `user_id`) VALUES ('3', 'error', '15');
INSERT INTO `photo_albums` (`id`, `name`, `user_id`) VALUES ('4', 'et', '92');
INSERT INTO `photo_albums` (`id`, `name`, `user_id`) VALUES ('5', 'consequuntur', '24');
INSERT INTO `photo_albums` (`id`, `name`, `user_id`) VALUES ('6', 'velit', '42');
INSERT INTO `photo_albums` (`id`, `name`, `user_id`) VALUES ('7', 'fuga', '24');
INSERT INTO `photo_albums` (`id`, `name`, `user_id`) VALUES ('8', 'numquam', '6');
INSERT INTO `photo_albums` (`id`, `name`, `user_id`) VALUES ('9', 'quis', '52');
INSERT INTO `photo_albums` (`id`, `name`, `user_id`) VALUES ('10', 'quod', '30');
INSERT INTO `photo_albums` (`id`, `name`, `user_id`) VALUES ('11', 'doloribus', '71');
INSERT INTO `photo_albums` (`id`, `name`, `user_id`) VALUES ('12', 'illum', '64');
INSERT INTO `photo_albums` (`id`, `name`, `user_id`) VALUES ('13', 'amet', '89');
INSERT INTO `photo_albums` (`id`, `name`, `user_id`) VALUES ('14', 'et', '94');
INSERT INTO `photo_albums` (`id`, `name`, `user_id`) VALUES ('15', 'atque', '64');
INSERT INTO `photo_albums` (`id`, `name`, `user_id`) VALUES ('16', 'vel', '98');
INSERT INTO `photo_albums` (`id`, `name`, `user_id`) VALUES ('17', 'eaque', '9');
INSERT INTO `photo_albums` (`id`, `name`, `user_id`) VALUES ('18', 'aut', '72');
INSERT INTO `photo_albums` (`id`, `name`, `user_id`) VALUES ('19', 'iure', '47');
INSERT INTO `photo_albums` (`id`, `name`, `user_id`) VALUES ('20', 'autem', '8');
INSERT INTO `photo_albums` (`id`, `name`, `user_id`) VALUES ('21', 'omnis', '37');
INSERT INTO `photo_albums` (`id`, `name`, `user_id`) VALUES ('22', 'est', '43');
INSERT INTO `photo_albums` (`id`, `name`, `user_id`) VALUES ('23', 'doloribus', '28');
INSERT INTO `photo_albums` (`id`, `name`, `user_id`) VALUES ('24', 'alias', '25');
INSERT INTO `photo_albums` (`id`, `name`, `user_id`) VALUES ('25', 'pariatur', '13');
INSERT INTO `photo_albums` (`id`, `name`, `user_id`) VALUES ('26', 'ea', '7');
INSERT INTO `photo_albums` (`id`, `name`, `user_id`) VALUES ('27', 'asperiores', '96');
INSERT INTO `photo_albums` (`id`, `name`, `user_id`) VALUES ('28', 'aut', '20');
INSERT INTO `photo_albums` (`id`, `name`, `user_id`) VALUES ('29', 'et', '90');
INSERT INTO `photo_albums` (`id`, `name`, `user_id`) VALUES ('30', 'beatae', '48');
INSERT INTO `photo_albums` (`id`, `name`, `user_id`) VALUES ('31', 'possimus', '57');
INSERT INTO `photo_albums` (`id`, `name`, `user_id`) VALUES ('32', 'soluta', '65');
INSERT INTO `photo_albums` (`id`, `name`, `user_id`) VALUES ('33', 'aut', '86');
INSERT INTO `photo_albums` (`id`, `name`, `user_id`) VALUES ('34', 'nesciunt', '93');
INSERT INTO `photo_albums` (`id`, `name`, `user_id`) VALUES ('35', 'excepturi', '88');
INSERT INTO `photo_albums` (`id`, `name`, `user_id`) VALUES ('36', 'ut', '52');
INSERT INTO `photo_albums` (`id`, `name`, `user_id`) VALUES ('37', 'fuga', '3');
INSERT INTO `photo_albums` (`id`, `name`, `user_id`) VALUES ('38', 'libero', '44');
INSERT INTO `photo_albums` (`id`, `name`, `user_id`) VALUES ('39', 'doloribus', '2');
INSERT INTO `photo_albums` (`id`, `name`, `user_id`) VALUES ('40', 'dolorem', '97');
INSERT INTO `photo_albums` (`id`, `name`, `user_id`) VALUES ('41', 'nobis', '80');
INSERT INTO `photo_albums` (`id`, `name`, `user_id`) VALUES ('42', 'voluptas', '18');
INSERT INTO `photo_albums` (`id`, `name`, `user_id`) VALUES ('43', 'quos', '19');
INSERT INTO `photo_albums` (`id`, `name`, `user_id`) VALUES ('44', 'consectetur', '9');
INSERT INTO `photo_albums` (`id`, `name`, `user_id`) VALUES ('45', 'ipsam', '82');
INSERT INTO `photo_albums` (`id`, `name`, `user_id`) VALUES ('46', 'ad', '60');
INSERT INTO `photo_albums` (`id`, `name`, `user_id`) VALUES ('47', 'et', '53');
INSERT INTO `photo_albums` (`id`, `name`, `user_id`) VALUES ('48', 'voluptates', '47');
INSERT INTO `photo_albums` (`id`, `name`, `user_id`) VALUES ('49', 'nulla', '37');
INSERT INTO `photo_albums` (`id`, `name`, `user_id`) VALUES ('50', 'quis', '67');
INSERT INTO `photo_albums` (`id`, `name`, `user_id`) VALUES ('51', 'sit', '62');
INSERT INTO `photo_albums` (`id`, `name`, `user_id`) VALUES ('52', 'exercitationem', '98');
INSERT INTO `photo_albums` (`id`, `name`, `user_id`) VALUES ('53', 'maxime', '41');
INSERT INTO `photo_albums` (`id`, `name`, `user_id`) VALUES ('54', 'dolorum', '14');
INSERT INTO `photo_albums` (`id`, `name`, `user_id`) VALUES ('55', 'cupiditate', '18');
INSERT INTO `photo_albums` (`id`, `name`, `user_id`) VALUES ('56', 'veritatis', '2');
INSERT INTO `photo_albums` (`id`, `name`, `user_id`) VALUES ('57', 'adipisci', '52');
INSERT INTO `photo_albums` (`id`, `name`, `user_id`) VALUES ('58', 'fugit', '49');
INSERT INTO `photo_albums` (`id`, `name`, `user_id`) VALUES ('59', 'mollitia', '54');
INSERT INTO `photo_albums` (`id`, `name`, `user_id`) VALUES ('60', 'sapiente', '54');
INSERT INTO `photo_albums` (`id`, `name`, `user_id`) VALUES ('61', 'rerum', '33');
INSERT INTO `photo_albums` (`id`, `name`, `user_id`) VALUES ('62', 'consequatur', '26');
INSERT INTO `photo_albums` (`id`, `name`, `user_id`) VALUES ('63', 'corporis', '9');
INSERT INTO `photo_albums` (`id`, `name`, `user_id`) VALUES ('64', 'id', '60');
INSERT INTO `photo_albums` (`id`, `name`, `user_id`) VALUES ('65', 'officia', '96');
INSERT INTO `photo_albums` (`id`, `name`, `user_id`) VALUES ('66', 'mollitia', '63');
INSERT INTO `photo_albums` (`id`, `name`, `user_id`) VALUES ('67', 'ut', '88');
INSERT INTO `photo_albums` (`id`, `name`, `user_id`) VALUES ('68', 'corporis', '90');
INSERT INTO `photo_albums` (`id`, `name`, `user_id`) VALUES ('69', 'dolorum', '12');
INSERT INTO `photo_albums` (`id`, `name`, `user_id`) VALUES ('70', 'quia', '4');
INSERT INTO `photo_albums` (`id`, `name`, `user_id`) VALUES ('71', 'maiores', '27');
INSERT INTO `photo_albums` (`id`, `name`, `user_id`) VALUES ('72', 'quia', '12');
INSERT INTO `photo_albums` (`id`, `name`, `user_id`) VALUES ('73', 'rerum', '76');
INSERT INTO `photo_albums` (`id`, `name`, `user_id`) VALUES ('74', 'voluptatum', '46');
INSERT INTO `photo_albums` (`id`, `name`, `user_id`) VALUES ('75', 'corporis', '11');
INSERT INTO `photo_albums` (`id`, `name`, `user_id`) VALUES ('76', 'corrupti', '45');
INSERT INTO `photo_albums` (`id`, `name`, `user_id`) VALUES ('77', 'perspiciatis', '97');
INSERT INTO `photo_albums` (`id`, `name`, `user_id`) VALUES ('78', 'quis', '78');
INSERT INTO `photo_albums` (`id`, `name`, `user_id`) VALUES ('79', 'numquam', '59');
INSERT INTO `photo_albums` (`id`, `name`, `user_id`) VALUES ('80', 'expedita', '99');
INSERT INTO `photo_albums` (`id`, `name`, `user_id`) VALUES ('81', 'optio', '67');
INSERT INTO `photo_albums` (`id`, `name`, `user_id`) VALUES ('82', 'ea', '13');
INSERT INTO `photo_albums` (`id`, `name`, `user_id`) VALUES ('83', 'molestias', '4');
INSERT INTO `photo_albums` (`id`, `name`, `user_id`) VALUES ('84', 'quasi', '85');
INSERT INTO `photo_albums` (`id`, `name`, `user_id`) VALUES ('85', 'aut', '10');
INSERT INTO `photo_albums` (`id`, `name`, `user_id`) VALUES ('86', 'nobis', '43');
INSERT INTO `photo_albums` (`id`, `name`, `user_id`) VALUES ('87', 'debitis', '91');
INSERT INTO `photo_albums` (`id`, `name`, `user_id`) VALUES ('88', 'ad', '64');
INSERT INTO `photo_albums` (`id`, `name`, `user_id`) VALUES ('89', 'qui', '62');
INSERT INTO `photo_albums` (`id`, `name`, `user_id`) VALUES ('90', 'officia', '88');
INSERT INTO `photo_albums` (`id`, `name`, `user_id`) VALUES ('91', 'numquam', '76');
INSERT INTO `photo_albums` (`id`, `name`, `user_id`) VALUES ('92', 'delectus', '74');
INSERT INTO `photo_albums` (`id`, `name`, `user_id`) VALUES ('93', 'et', '89');
INSERT INTO `photo_albums` (`id`, `name`, `user_id`) VALUES ('94', 'excepturi', '23');
INSERT INTO `photo_albums` (`id`, `name`, `user_id`) VALUES ('95', 'ut', '98');
INSERT INTO `photo_albums` (`id`, `name`, `user_id`) VALUES ('96', 'vel', '37');
INSERT INTO `photo_albums` (`id`, `name`, `user_id`) VALUES ('97', 'pariatur', '18');
INSERT INTO `photo_albums` (`id`, `name`, `user_id`) VALUES ('98', 'a', '60');
INSERT INTO `photo_albums` (`id`, `name`, `user_id`) VALUES ('99', 'fugiat', '2');
INSERT INTO `photo_albums` (`id`, `name`, `user_id`) VALUES ('100', 'consequatur', '19');


#
# TABLE STRUCTURE FOR: photos
#

DROP TABLE IF EXISTS `photos`;

CREATE TABLE `photos` (
  `id` bigint(20) unsigned NOT NULL AUTO_INCREMENT,
  `album_id` bigint(20) unsigned NOT NULL,
  `media_id` bigint(20) unsigned NOT NULL,
  PRIMARY KEY (`id`),
  KEY `album_id` (`album_id`),
  KEY `media_id` (`media_id`),
  CONSTRAINT `photos_ibfk_1` FOREIGN KEY (`album_id`) REFERENCES `photo_albums` (`id`) ON DELETE CASCADE ON UPDATE CASCADE,
  CONSTRAINT `photos_ibfk_2` FOREIGN KEY (`media_id`) REFERENCES `media` (`id`) ON DELETE CASCADE ON UPDATE CASCADE
) ENGINE=InnoDB AUTO_INCREMENT=101 DEFAULT CHARSET=utf8mb4 COLLATE=utf8mb4_unicode_ci;

INSERT INTO `photos` (`id`, `album_id`, `media_id`) VALUES ('1', '2', '2');
INSERT INTO `photos` (`id`, `album_id`, `media_id`) VALUES ('2', '6', '65');
INSERT INTO `photos` (`id`, `album_id`, `media_id`) VALUES ('3', '59', '15');
INSERT INTO `photos` (`id`, `album_id`, `media_id`) VALUES ('4', '2', '92');
INSERT INTO `photos` (`id`, `album_id`, `media_id`) VALUES ('5', '83', '83');
INSERT INTO `photos` (`id`, `album_id`, `media_id`) VALUES ('6', '93', '9');
INSERT INTO `photos` (`id`, `album_id`, `media_id`) VALUES ('7', '58', '51');
INSERT INTO `photos` (`id`, `album_id`, `media_id`) VALUES ('8', '75', '32');
INSERT INTO `photos` (`id`, `album_id`, `media_id`) VALUES ('9', '16', '19');
INSERT INTO `photos` (`id`, `album_id`, `media_id`) VALUES ('10', '41', '14');
INSERT INTO `photos` (`id`, `album_id`, `media_id`) VALUES ('11', '82', '33');
INSERT INTO `photos` (`id`, `album_id`, `media_id`) VALUES ('12', '34', '16');
INSERT INTO `photos` (`id`, `album_id`, `media_id`) VALUES ('13', '11', '44');
INSERT INTO `photos` (`id`, `album_id`, `media_id`) VALUES ('14', '54', '86');
INSERT INTO `photos` (`id`, `album_id`, `media_id`) VALUES ('15', '55', '62');
INSERT INTO `photos` (`id`, `album_id`, `media_id`) VALUES ('16', '57', '43');
INSERT INTO `photos` (`id`, `album_id`, `media_id`) VALUES ('17', '73', '33');
INSERT INTO `photos` (`id`, `album_id`, `media_id`) VALUES ('18', '83', '2');
INSERT INTO `photos` (`id`, `album_id`, `media_id`) VALUES ('19', '2', '11');
INSERT INTO `photos` (`id`, `album_id`, `media_id`) VALUES ('20', '87', '10');
INSERT INTO `photos` (`id`, `album_id`, `media_id`) VALUES ('21', '6', '42');
INSERT INTO `photos` (`id`, `album_id`, `media_id`) VALUES ('22', '50', '36');
INSERT INTO `photos` (`id`, `album_id`, `media_id`) VALUES ('23', '49', '42');
INSERT INTO `photos` (`id`, `album_id`, `media_id`) VALUES ('24', '66', '63');
INSERT INTO `photos` (`id`, `album_id`, `media_id`) VALUES ('25', '95', '47');
INSERT INTO `photos` (`id`, `album_id`, `media_id`) VALUES ('26', '86', '57');
INSERT INTO `photos` (`id`, `album_id`, `media_id`) VALUES ('27', '60', '7');
INSERT INTO `photos` (`id`, `album_id`, `media_id`) VALUES ('28', '85', '80');
INSERT INTO `photos` (`id`, `album_id`, `media_id`) VALUES ('29', '4', '50');
INSERT INTO `photos` (`id`, `album_id`, `media_id`) VALUES ('30', '26', '82');
INSERT INTO `photos` (`id`, `album_id`, `media_id`) VALUES ('31', '9', '88');
INSERT INTO `photos` (`id`, `album_id`, `media_id`) VALUES ('32', '42', '86');
INSERT INTO `photos` (`id`, `album_id`, `media_id`) VALUES ('33', '90', '12');
INSERT INTO `photos` (`id`, `album_id`, `media_id`) VALUES ('34', '43', '7');
INSERT INTO `photos` (`id`, `album_id`, `media_id`) VALUES ('35', '8', '59');
INSERT INTO `photos` (`id`, `album_id`, `media_id`) VALUES ('36', '98', '31');
INSERT INTO `photos` (`id`, `album_id`, `media_id`) VALUES ('37', '79', '77');
INSERT INTO `photos` (`id`, `album_id`, `media_id`) VALUES ('38', '66', '12');
INSERT INTO `photos` (`id`, `album_id`, `media_id`) VALUES ('39', '89', '79');
INSERT INTO `photos` (`id`, `album_id`, `media_id`) VALUES ('40', '30', '87');
INSERT INTO `photos` (`id`, `album_id`, `media_id`) VALUES ('41', '73', '41');
INSERT INTO `photos` (`id`, `album_id`, `media_id`) VALUES ('42', '89', '26');
INSERT INTO `photos` (`id`, `album_id`, `media_id`) VALUES ('43', '60', '84');
INSERT INTO `photos` (`id`, `album_id`, `media_id`) VALUES ('44', '6', '26');
INSERT INTO `photos` (`id`, `album_id`, `media_id`) VALUES ('45', '69', '46');
INSERT INTO `photos` (`id`, `album_id`, `media_id`) VALUES ('46', '17', '24');
INSERT INTO `photos` (`id`, `album_id`, `media_id`) VALUES ('47', '68', '75');
INSERT INTO `photos` (`id`, `album_id`, `media_id`) VALUES ('48', '83', '53');
INSERT INTO `photos` (`id`, `album_id`, `media_id`) VALUES ('49', '6', '27');
INSERT INTO `photos` (`id`, `album_id`, `media_id`) VALUES ('50', '76', '40');
INSERT INTO `photos` (`id`, `album_id`, `media_id`) VALUES ('51', '55', '55');
INSERT INTO `photos` (`id`, `album_id`, `media_id`) VALUES ('52', '97', '2');
INSERT INTO `photos` (`id`, `album_id`, `media_id`) VALUES ('53', '87', '51');
INSERT INTO `photos` (`id`, `album_id`, `media_id`) VALUES ('54', '100', '78');
INSERT INTO `photos` (`id`, `album_id`, `media_id`) VALUES ('55', '35', '63');
INSERT INTO `photos` (`id`, `album_id`, `media_id`) VALUES ('56', '61', '21');
INSERT INTO `photos` (`id`, `album_id`, `media_id`) VALUES ('57', '73', '43');
INSERT INTO `photos` (`id`, `album_id`, `media_id`) VALUES ('58', '87', '11');
INSERT INTO `photos` (`id`, `album_id`, `media_id`) VALUES ('59', '73', '22');
INSERT INTO `photos` (`id`, `album_id`, `media_id`) VALUES ('60', '3', '67');
INSERT INTO `photos` (`id`, `album_id`, `media_id`) VALUES ('61', '29', '5');
INSERT INTO `photos` (`id`, `album_id`, `media_id`) VALUES ('62', '77', '41');
INSERT INTO `photos` (`id`, `album_id`, `media_id`) VALUES ('63', '100', '53');
INSERT INTO `photos` (`id`, `album_id`, `media_id`) VALUES ('64', '87', '66');
INSERT INTO `photos` (`id`, `album_id`, `media_id`) VALUES ('65', '42', '54');
INSERT INTO `photos` (`id`, `album_id`, `media_id`) VALUES ('66', '70', '65');
INSERT INTO `photos` (`id`, `album_id`, `media_id`) VALUES ('67', '89', '97');
INSERT INTO `photos` (`id`, `album_id`, `media_id`) VALUES ('68', '30', '26');
INSERT INTO `photos` (`id`, `album_id`, `media_id`) VALUES ('69', '85', '67');
INSERT INTO `photos` (`id`, `album_id`, `media_id`) VALUES ('70', '71', '95');
INSERT INTO `photos` (`id`, `album_id`, `media_id`) VALUES ('71', '3', '43');
INSERT INTO `photos` (`id`, `album_id`, `media_id`) VALUES ('72', '53', '55');
INSERT INTO `photos` (`id`, `album_id`, `media_id`) VALUES ('73', '74', '44');
INSERT INTO `photos` (`id`, `album_id`, `media_id`) VALUES ('74', '79', '70');
INSERT INTO `photos` (`id`, `album_id`, `media_id`) VALUES ('75', '71', '24');
INSERT INTO `photos` (`id`, `album_id`, `media_id`) VALUES ('76', '35', '35');
INSERT INTO `photos` (`id`, `album_id`, `media_id`) VALUES ('77', '71', '70');
INSERT INTO `photos` (`id`, `album_id`, `media_id`) VALUES ('78', '45', '63');
INSERT INTO `photos` (`id`, `album_id`, `media_id`) VALUES ('79', '23', '30');
INSERT INTO `photos` (`id`, `album_id`, `media_id`) VALUES ('80', '15', '1');
INSERT INTO `photos` (`id`, `album_id`, `media_id`) VALUES ('81', '2', '51');
INSERT INTO `photos` (`id`, `album_id`, `media_id`) VALUES ('82', '27', '84');
INSERT INTO `photos` (`id`, `album_id`, `media_id`) VALUES ('83', '84', '68');
INSERT INTO `photos` (`id`, `album_id`, `media_id`) VALUES ('84', '26', '78');
INSERT INTO `photos` (`id`, `album_id`, `media_id`) VALUES ('85', '100', '28');
INSERT INTO `photos` (`id`, `album_id`, `media_id`) VALUES ('86', '10', '15');
INSERT INTO `photos` (`id`, `album_id`, `media_id`) VALUES ('87', '91', '32');
INSERT INTO `photos` (`id`, `album_id`, `media_id`) VALUES ('88', '78', '71');
INSERT INTO `photos` (`id`, `album_id`, `media_id`) VALUES ('89', '89', '44');
INSERT INTO `photos` (`id`, `album_id`, `media_id`) VALUES ('90', '41', '73');
INSERT INTO `photos` (`id`, `album_id`, `media_id`) VALUES ('91', '65', '49');
INSERT INTO `photos` (`id`, `album_id`, `media_id`) VALUES ('92', '25', '53');
INSERT INTO `photos` (`id`, `album_id`, `media_id`) VALUES ('93', '69', '87');
INSERT INTO `photos` (`id`, `album_id`, `media_id`) VALUES ('94', '5', '14');
INSERT INTO `photos` (`id`, `album_id`, `media_id`) VALUES ('95', '53', '34');
INSERT INTO `photos` (`id`, `album_id`, `media_id`) VALUES ('96', '70', '75');
INSERT INTO `photos` (`id`, `album_id`, `media_id`) VALUES ('97', '63', '84');
INSERT INTO `photos` (`id`, `album_id`, `media_id`) VALUES ('98', '66', '66');
INSERT INTO `photos` (`id`, `album_id`, `media_id`) VALUES ('99', '5', '55');
INSERT INTO `photos` (`id`, `album_id`, `media_id`) VALUES ('100', '45', '46');


#
# TABLE STRUCTURE FOR: profiles
#

DROP TABLE IF EXISTS `profiles`;

CREATE TABLE `profiles` (
  `user_id` bigint(20) unsigned NOT NULL AUTO_INCREMENT,
  `gender` char(1) COLLATE utf8mb4_unicode_ci DEFAULT NULL,
  `birthday` date DEFAULT NULL,
  `photo_id` bigint(20) unsigned DEFAULT NULL,
  `created_at` datetime DEFAULT current_timestamp(),
  `hometown` varchar(100) COLLATE utf8mb4_unicode_ci DEFAULT NULL,
  PRIMARY KEY (`user_id`),
  KEY `fk_photo_id` (`photo_id`),
  CONSTRAINT `fk_photo_id` FOREIGN KEY (`photo_id`) REFERENCES `photos` (`id`) ON DELETE SET NULL ON UPDATE CASCADE,
  CONSTRAINT `fk_user_id` FOREIGN KEY (`user_id`) REFERENCES `users` (`id`) ON DELETE CASCADE ON UPDATE CASCADE
) ENGINE=InnoDB AUTO_INCREMENT=101 DEFAULT CHARSET=utf8mb4 COLLATE=utf8mb4_unicode_ci;

INSERT INTO `profiles` (`user_id`, `gender`, `birthday`, `photo_id`, `created_at`, `hometown`) VALUES ('1', 'f', '1980-09-07', '41', '2017-08-25 23:14:55', NULL);
INSERT INTO `profiles` (`user_id`, `gender`, `birthday`, `photo_id`, `created_at`, `hometown`) VALUES ('2', 'm', '1988-02-22', '67', '1979-12-24 19:37:43', NULL);
INSERT INTO `profiles` (`user_id`, `gender`, `birthday`, `photo_id`, `created_at`, `hometown`) VALUES ('3', 'f', '1974-12-24', '39', '1986-09-21 11:03:00', NULL);
INSERT INTO `profiles` (`user_id`, `gender`, `birthday`, `photo_id`, `created_at`, `hometown`) VALUES ('4', 'm', '1986-01-23', '89', '1994-12-20 17:46:41', NULL);
INSERT INTO `profiles` (`user_id`, `gender`, `birthday`, `photo_id`, `created_at`, `hometown`) VALUES ('5', 'f', '1970-10-22', '87', '2012-09-24 02:19:27', NULL);
INSERT INTO `profiles` (`user_id`, `gender`, `birthday`, `photo_id`, `created_at`, `hometown`) VALUES ('6', 'f', '1979-09-08', '6', '1991-11-22 17:39:42', NULL);
INSERT INTO `profiles` (`user_id`, `gender`, `birthday`, `photo_id`, `created_at`, `hometown`) VALUES ('7', 'm', '1977-09-04', '95', '1974-12-20 10:42:29', NULL);
INSERT INTO `profiles` (`user_id`, `gender`, `birthday`, `photo_id`, `created_at`, `hometown`) VALUES ('8', 'm', '2013-03-17', '44', '2010-02-13 02:35:37', NULL);
INSERT INTO `profiles` (`user_id`, `gender`, `birthday`, `photo_id`, `created_at`, `hometown`) VALUES ('9', 'm', '1981-01-27', '98', '1981-09-26 04:50:11', NULL);
INSERT INTO `profiles` (`user_id`, `gender`, `birthday`, `photo_id`, `created_at`, `hometown`) VALUES ('10', 'm', '2010-11-27', '87', '2020-04-05 03:37:01', NULL);
INSERT INTO `profiles` (`user_id`, `gender`, `birthday`, `photo_id`, `created_at`, `hometown`) VALUES ('11', 'f', '1987-07-27', '39', '1998-04-02 11:04:18', NULL);
INSERT INTO `profiles` (`user_id`, `gender`, `birthday`, `photo_id`, `created_at`, `hometown`) VALUES ('12', 'f', '2015-09-01', '57', '1973-01-25 07:47:15', NULL);
INSERT INTO `profiles` (`user_id`, `gender`, `birthday`, `photo_id`, `created_at`, `hometown`) VALUES ('13', 'm', '2020-05-16', '14', '1999-10-12 00:45:28', NULL);
INSERT INTO `profiles` (`user_id`, `gender`, `birthday`, `photo_id`, `created_at`, `hometown`) VALUES ('14', 'm', '2011-06-08', '92', '2008-11-03 19:51:33', NULL);
INSERT INTO `profiles` (`user_id`, `gender`, `birthday`, `photo_id`, `created_at`, `hometown`) VALUES ('15', 'f', '1992-07-05', '30', '2005-01-14 06:35:14', NULL);
INSERT INTO `profiles` (`user_id`, `gender`, `birthday`, `photo_id`, `created_at`, `hometown`) VALUES ('16', 'm', '2012-05-23', '97', '1997-01-28 06:11:09', NULL);
INSERT INTO `profiles` (`user_id`, `gender`, `birthday`, `photo_id`, `created_at`, `hometown`) VALUES ('17', 'm', '2005-05-01', '19', '2016-07-19 22:45:57', NULL);
INSERT INTO `profiles` (`user_id`, `gender`, `birthday`, `photo_id`, `created_at`, `hometown`) VALUES ('18', 'm', '1986-03-06', '44', '1976-09-10 10:33:11', NULL);
INSERT INTO `profiles` (`user_id`, `gender`, `birthday`, `photo_id`, `created_at`, `hometown`) VALUES ('19', 'm', '2001-08-01', '90', '1998-10-11 14:12:12', NULL);
INSERT INTO `profiles` (`user_id`, `gender`, `birthday`, `photo_id`, `created_at`, `hometown`) VALUES ('20', 'f', '2014-04-20', '71', '2017-08-20 09:45:43', NULL);
INSERT INTO `profiles` (`user_id`, `gender`, `birthday`, `photo_id`, `created_at`, `hometown`) VALUES ('21', 'f', '1990-02-13', '51', '2011-03-12 17:36:06', NULL);
INSERT INTO `profiles` (`user_id`, `gender`, `birthday`, `photo_id`, `created_at`, `hometown`) VALUES ('22', 'm', '2013-05-09', '64', '1976-11-27 09:26:41', NULL);
INSERT INTO `profiles` (`user_id`, `gender`, `birthday`, `photo_id`, `created_at`, `hometown`) VALUES ('23', 'f', '1996-12-22', '91', '1990-06-03 17:09:52', NULL);
INSERT INTO `profiles` (`user_id`, `gender`, `birthday`, `photo_id`, `created_at`, `hometown`) VALUES ('24', 'f', '1989-04-15', '37', '2007-04-18 15:50:02', NULL);
INSERT INTO `profiles` (`user_id`, `gender`, `birthday`, `photo_id`, `created_at`, `hometown`) VALUES ('25', 'f', '1975-12-01', '36', '1994-03-13 07:31:40', NULL);
INSERT INTO `profiles` (`user_id`, `gender`, `birthday`, `photo_id`, `created_at`, `hometown`) VALUES ('26', 'f', '1975-01-23', '46', '2019-02-21 16:23:02', NULL);
INSERT INTO `profiles` (`user_id`, `gender`, `birthday`, `photo_id`, `created_at`, `hometown`) VALUES ('27', 'f', '1975-09-21', '75', '2014-03-09 08:25:04', NULL);
INSERT INTO `profiles` (`user_id`, `gender`, `birthday`, `photo_id`, `created_at`, `hometown`) VALUES ('28', 'm', '1975-01-06', '54', '1982-06-09 16:50:21', NULL);
INSERT INTO `profiles` (`user_id`, `gender`, `birthday`, `photo_id`, `created_at`, `hometown`) VALUES ('29', 'f', '1994-01-22', '93', '1978-08-10 05:07:26', NULL);
INSERT INTO `profiles` (`user_id`, `gender`, `birthday`, `photo_id`, `created_at`, `hometown`) VALUES ('30', 'f', '2017-05-23', '58', '1996-01-30 11:31:02', NULL);
INSERT INTO `profiles` (`user_id`, `gender`, `birthday`, `photo_id`, `created_at`, `hometown`) VALUES ('31', 'f', '2017-12-08', '23', '1998-08-01 06:10:57', NULL);
INSERT INTO `profiles` (`user_id`, `gender`, `birthday`, `photo_id`, `created_at`, `hometown`) VALUES ('32', 'm', '2003-08-30', '95', '2002-10-12 23:35:28', NULL);
INSERT INTO `profiles` (`user_id`, `gender`, `birthday`, `photo_id`, `created_at`, `hometown`) VALUES ('33', 'm', '1996-02-09', '17', '1993-05-05 22:36:19', NULL);
INSERT INTO `profiles` (`user_id`, `gender`, `birthday`, `photo_id`, `created_at`, `hometown`) VALUES ('34', 'm', '1989-03-28', '29', '1997-02-14 21:53:20', NULL);
INSERT INTO `profiles` (`user_id`, `gender`, `birthday`, `photo_id`, `created_at`, `hometown`) VALUES ('35', 'f', '1985-08-11', '59', '1997-03-28 07:17:18', NULL);
INSERT INTO `profiles` (`user_id`, `gender`, `birthday`, `photo_id`, `created_at`, `hometown`) VALUES ('36', 'm', '2006-07-03', '55', '2018-04-11 16:53:20', NULL);
INSERT INTO `profiles` (`user_id`, `gender`, `birthday`, `photo_id`, `created_at`, `hometown`) VALUES ('37', 'f', '1990-06-18', '23', '2016-04-15 04:55:03', NULL);
INSERT INTO `profiles` (`user_id`, `gender`, `birthday`, `photo_id`, `created_at`, `hometown`) VALUES ('38', 'm', '2005-10-14', '47', '1982-08-08 18:53:39', NULL);
INSERT INTO `profiles` (`user_id`, `gender`, `birthday`, `photo_id`, `created_at`, `hometown`) VALUES ('39', 'f', '1985-12-21', '30', '1998-08-06 22:46:03', NULL);
INSERT INTO `profiles` (`user_id`, `gender`, `birthday`, `photo_id`, `created_at`, `hometown`) VALUES ('40', 'f', '1972-08-04', '34', '2000-03-18 01:36:23', NULL);
INSERT INTO `profiles` (`user_id`, `gender`, `birthday`, `photo_id`, `created_at`, `hometown`) VALUES ('41', 'm', '1979-12-06', '75', '1993-06-16 09:40:45', NULL);
INSERT INTO `profiles` (`user_id`, `gender`, `birthday`, `photo_id`, `created_at`, `hometown`) VALUES ('42', 'm', '2005-01-26', '28', '1982-04-20 01:16:24', NULL);
INSERT INTO `profiles` (`user_id`, `gender`, `birthday`, `photo_id`, `created_at`, `hometown`) VALUES ('43', 'm', '1980-07-22', '90', '2016-07-24 16:30:44', NULL);
INSERT INTO `profiles` (`user_id`, `gender`, `birthday`, `photo_id`, `created_at`, `hometown`) VALUES ('44', 'm', '1997-01-09', '95', '1998-10-09 18:42:41', NULL);
INSERT INTO `profiles` (`user_id`, `gender`, `birthday`, `photo_id`, `created_at`, `hometown`) VALUES ('45', 'f', '1987-07-19', '29', '1985-02-11 07:35:46', NULL);
INSERT INTO `profiles` (`user_id`, `gender`, `birthday`, `photo_id`, `created_at`, `hometown`) VALUES ('46', 'f', '2011-11-15', '37', '1981-05-03 06:45:41', NULL);
INSERT INTO `profiles` (`user_id`, `gender`, `birthday`, `photo_id`, `created_at`, `hometown`) VALUES ('47', 'm', '2005-11-16', '96', '1991-09-13 01:08:58', NULL);
INSERT INTO `profiles` (`user_id`, `gender`, `birthday`, `photo_id`, `created_at`, `hometown`) VALUES ('48', 'f', '1976-02-25', '14', '1975-01-04 22:42:24', NULL);
INSERT INTO `profiles` (`user_id`, `gender`, `birthday`, `photo_id`, `created_at`, `hometown`) VALUES ('49', 'm', '2007-06-27', '36', '1990-03-03 23:39:21', NULL);
INSERT INTO `profiles` (`user_id`, `gender`, `birthday`, `photo_id`, `created_at`, `hometown`) VALUES ('50', 'f', '2005-08-31', '53', '1978-01-14 10:35:40', NULL);
INSERT INTO `profiles` (`user_id`, `gender`, `birthday`, `photo_id`, `created_at`, `hometown`) VALUES ('51', 'f', '1974-07-16', '98', '1999-12-24 03:52:19', NULL);
INSERT INTO `profiles` (`user_id`, `gender`, `birthday`, `photo_id`, `created_at`, `hometown`) VALUES ('52', 'm', '2011-02-05', '22', '1974-02-01 12:15:36', NULL);
INSERT INTO `profiles` (`user_id`, `gender`, `birthday`, `photo_id`, `created_at`, `hometown`) VALUES ('53', 'm', '1999-05-03', '84', '2012-08-28 17:21:12', NULL);
INSERT INTO `profiles` (`user_id`, `gender`, `birthday`, `photo_id`, `created_at`, `hometown`) VALUES ('54', 'f', '1983-01-09', '80', '2001-04-01 11:04:56', NULL);
INSERT INTO `profiles` (`user_id`, `gender`, `birthday`, `photo_id`, `created_at`, `hometown`) VALUES ('55', 'f', '1992-12-28', '46', '2012-10-20 17:10:32', NULL);
INSERT INTO `profiles` (`user_id`, `gender`, `birthday`, `photo_id`, `created_at`, `hometown`) VALUES ('56', 'm', '2009-08-02', '26', '2013-10-27 04:22:09', NULL);
INSERT INTO `profiles` (`user_id`, `gender`, `birthday`, `photo_id`, `created_at`, `hometown`) VALUES ('57', 'm', '1976-06-21', '47', '1971-06-29 01:18:00', NULL);
INSERT INTO `profiles` (`user_id`, `gender`, `birthday`, `photo_id`, `created_at`, `hometown`) VALUES ('58', 'm', '1977-12-19', '5', '1991-09-30 06:32:44', NULL);
INSERT INTO `profiles` (`user_id`, `gender`, `birthday`, `photo_id`, `created_at`, `hometown`) VALUES ('59', 'm', '1974-10-23', '59', '1998-03-24 13:54:16', NULL);
INSERT INTO `profiles` (`user_id`, `gender`, `birthday`, `photo_id`, `created_at`, `hometown`) VALUES ('60', 'm', '2019-10-18', '96', '1970-05-16 01:25:54', NULL);
INSERT INTO `profiles` (`user_id`, `gender`, `birthday`, `photo_id`, `created_at`, `hometown`) VALUES ('61', 'f', '1982-06-03', '56', '1977-04-03 10:36:43', NULL);
INSERT INTO `profiles` (`user_id`, `gender`, `birthday`, `photo_id`, `created_at`, `hometown`) VALUES ('62', 'f', '1999-09-22', '37', '1979-02-08 06:55:55', NULL);
INSERT INTO `profiles` (`user_id`, `gender`, `birthday`, `photo_id`, `created_at`, `hometown`) VALUES ('63', 'f', '2010-11-22', '31', '1988-04-19 16:16:43', NULL);
INSERT INTO `profiles` (`user_id`, `gender`, `birthday`, `photo_id`, `created_at`, `hometown`) VALUES ('64', 'f', '1984-11-24', '41', '2021-09-28 10:13:55', NULL);
INSERT INTO `profiles` (`user_id`, `gender`, `birthday`, `photo_id`, `created_at`, `hometown`) VALUES ('65', 'f', '2020-10-21', '56', '2006-05-13 07:48:20', NULL);
INSERT INTO `profiles` (`user_id`, `gender`, `birthday`, `photo_id`, `created_at`, `hometown`) VALUES ('66', 'm', '2002-08-21', '71', '2017-11-24 02:33:49', NULL);
INSERT INTO `profiles` (`user_id`, `gender`, `birthday`, `photo_id`, `created_at`, `hometown`) VALUES ('67', 'f', '2009-03-25', '79', '1974-08-17 20:15:35', NULL);
INSERT INTO `profiles` (`user_id`, `gender`, `birthday`, `photo_id`, `created_at`, `hometown`) VALUES ('68', 'm', '1973-03-26', '91', '2018-12-09 17:53:10', NULL);
INSERT INTO `profiles` (`user_id`, `gender`, `birthday`, `photo_id`, `created_at`, `hometown`) VALUES ('69', 'f', '2011-05-25', '64', '1974-11-24 15:00:11', NULL);
INSERT INTO `profiles` (`user_id`, `gender`, `birthday`, `photo_id`, `created_at`, `hometown`) VALUES ('70', 'f', '1974-12-13', '26', '1990-08-23 15:09:04', NULL);
INSERT INTO `profiles` (`user_id`, `gender`, `birthday`, `photo_id`, `created_at`, `hometown`) VALUES ('71', 'f', '1971-09-15', '27', '2010-03-11 14:07:31', NULL);
INSERT INTO `profiles` (`user_id`, `gender`, `birthday`, `photo_id`, `created_at`, `hometown`) VALUES ('72', 'm', '2014-05-16', '30', '1972-05-19 14:35:00', NULL);
INSERT INTO `profiles` (`user_id`, `gender`, `birthday`, `photo_id`, `created_at`, `hometown`) VALUES ('73', 'm', '2006-02-22', '73', '2017-02-06 18:51:47', NULL);
INSERT INTO `profiles` (`user_id`, `gender`, `birthday`, `photo_id`, `created_at`, `hometown`) VALUES ('74', 'f', '2014-09-17', '86', '1996-12-27 06:25:26', NULL);
INSERT INTO `profiles` (`user_id`, `gender`, `birthday`, `photo_id`, `created_at`, `hometown`) VALUES ('75', 'f', '1992-11-01', '98', '1975-11-02 16:47:26', NULL);
INSERT INTO `profiles` (`user_id`, `gender`, `birthday`, `photo_id`, `created_at`, `hometown`) VALUES ('76', 'f', '1979-03-04', '96', '1989-08-29 21:02:40', NULL);
INSERT INTO `profiles` (`user_id`, `gender`, `birthday`, `photo_id`, `created_at`, `hometown`) VALUES ('77', 'm', '1992-09-29', '36', '1981-11-10 15:25:23', NULL);
INSERT INTO `profiles` (`user_id`, `gender`, `birthday`, `photo_id`, `created_at`, `hometown`) VALUES ('78', 'f', '1989-12-10', '8', '2010-11-09 13:41:33', NULL);
INSERT INTO `profiles` (`user_id`, `gender`, `birthday`, `photo_id`, `created_at`, `hometown`) VALUES ('79', 'f', '1981-07-05', '97', '1983-04-20 00:00:46', NULL);
INSERT INTO `profiles` (`user_id`, `gender`, `birthday`, `photo_id`, `created_at`, `hometown`) VALUES ('80', 'm', '1975-12-06', '88', '2019-03-14 18:18:09', NULL);
INSERT INTO `profiles` (`user_id`, `gender`, `birthday`, `photo_id`, `created_at`, `hometown`) VALUES ('81', 'm', '2018-11-16', '53', '1975-01-05 15:42:23', NULL);
INSERT INTO `profiles` (`user_id`, `gender`, `birthday`, `photo_id`, `created_at`, `hometown`) VALUES ('82', 'f', '1987-05-08', '99', '2016-09-26 22:39:14', NULL);
INSERT INTO `profiles` (`user_id`, `gender`, `birthday`, `photo_id`, `created_at`, `hometown`) VALUES ('83', 'm', '1987-05-02', '40', '2004-08-23 10:58:28', NULL);
INSERT INTO `profiles` (`user_id`, `gender`, `birthday`, `photo_id`, `created_at`, `hometown`) VALUES ('84', 'f', '1988-05-14', '84', '2018-09-15 08:30:32', NULL);
INSERT INTO `profiles` (`user_id`, `gender`, `birthday`, `photo_id`, `created_at`, `hometown`) VALUES ('85', 'f', '1976-11-19', '60', '2005-07-05 16:10:28', NULL);
INSERT INTO `profiles` (`user_id`, `gender`, `birthday`, `photo_id`, `created_at`, `hometown`) VALUES ('86', 'm', '1990-08-27', '37', '2021-04-05 03:59:34', NULL);
INSERT INTO `profiles` (`user_id`, `gender`, `birthday`, `photo_id`, `created_at`, `hometown`) VALUES ('87', 'f', '1979-05-23', '4', '2019-04-19 14:24:53', NULL);
INSERT INTO `profiles` (`user_id`, `gender`, `birthday`, `photo_id`, `created_at`, `hometown`) VALUES ('88', 'm', '1981-06-28', '28', '1987-11-14 04:04:35', NULL);
INSERT INTO `profiles` (`user_id`, `gender`, `birthday`, `photo_id`, `created_at`, `hometown`) VALUES ('89', 'm', '1979-11-27', '100', '1976-11-17 07:53:38', NULL);
INSERT INTO `profiles` (`user_id`, `gender`, `birthday`, `photo_id`, `created_at`, `hometown`) VALUES ('90', 'm', '1983-05-23', '71', '2011-10-01 09:00:40', NULL);
INSERT INTO `profiles` (`user_id`, `gender`, `birthday`, `photo_id`, `created_at`, `hometown`) VALUES ('91', 'f', '2014-03-31', '64', '1989-09-08 10:10:08', NULL);
INSERT INTO `profiles` (`user_id`, `gender`, `birthday`, `photo_id`, `created_at`, `hometown`) VALUES ('92', 'm', '2001-04-17', '33', '1996-09-17 02:31:58', NULL);
INSERT INTO `profiles` (`user_id`, `gender`, `birthday`, `photo_id`, `created_at`, `hometown`) VALUES ('93', 'm', '1985-12-01', '64', '1989-12-17 03:36:46', NULL);
INSERT INTO `profiles` (`user_id`, `gender`, `birthday`, `photo_id`, `created_at`, `hometown`) VALUES ('94', 'f', '1986-05-18', '46', '1976-03-27 18:35:22', NULL);
INSERT INTO `profiles` (`user_id`, `gender`, `birthday`, `photo_id`, `created_at`, `hometown`) VALUES ('95', 'f', '2018-01-18', '42', '2016-11-18 22:14:55', NULL);
INSERT INTO `profiles` (`user_id`, `gender`, `birthday`, `photo_id`, `created_at`, `hometown`) VALUES ('96', 'm', '2002-10-27', '4', '1985-02-14 05:43:51', NULL);
INSERT INTO `profiles` (`user_id`, `gender`, `birthday`, `photo_id`, `created_at`, `hometown`) VALUES ('97', 'f', '2008-07-21', '13', '1971-05-24 15:59:53', NULL);
INSERT INTO `profiles` (`user_id`, `gender`, `birthday`, `photo_id`, `created_at`, `hometown`) VALUES ('98', 'f', '2019-06-03', '25', '2006-02-25 00:00:43', NULL);
INSERT INTO `profiles` (`user_id`, `gender`, `birthday`, `photo_id`, `created_at`, `hometown`) VALUES ('99', 'f', '2012-02-16', '85', '1987-06-26 09:57:01', NULL);
INSERT INTO `profiles` (`user_id`, `gender`, `birthday`, `photo_id`, `created_at`, `hometown`) VALUES ('100', 'f', '1991-07-29', '87', '2021-05-31 01:30:43', NULL);


#
# TABLE STRUCTURE FOR: users
#

DROP TABLE IF EXISTS `users`;

CREATE TABLE `users` (
  `id` bigint(20) unsigned NOT NULL AUTO_INCREMENT,
  `firstname` varchar(100) COLLATE utf8mb4_unicode_ci DEFAULT NULL,
  `lastname` varchar(100) COLLATE utf8mb4_unicode_ci DEFAULT NULL COMMENT '',
  `email` varchar(100) COLLATE utf8mb4_unicode_ci DEFAULT NULL,
  `password_hash` varchar(100) COLLATE utf8mb4_unicode_ci DEFAULT NULL,
  `phone` bigint(20) DEFAULT NULL,
  `is_deleted` bit(1) DEFAULT b'0',
  PRIMARY KEY (`id`),
  UNIQUE KEY `email` (`email`),
  KEY `users_firstname_lastname_idx` (`firstname`,`lastname`)
) ENGINE=InnoDB AUTO_INCREMENT=101 DEFAULT CHARSET=utf8mb4 COLLATE=utf8mb4_unicode_ci;

INSERT INTO `users` (`id`, `firstname`, `lastname`, `email`, `password_hash`, `phone`, `is_deleted`) VALUES ('1', 'Milford', 'Green', 'omer57@example.org', '295a86629cf92badfcadcebd44813292f424cb3d', '90594837965', '1');
INSERT INTO `users` (`id`, `firstname`, `lastname`, `email`, `password_hash`, `phone`, `is_deleted`) VALUES ('2', 'Queen', 'Brekke', 'coy38@example.org', '4cc4f79d2dd5ccc0c488355d19e7f21eca7e8612', '98153231839', '1');
INSERT INTO `users` (`id`, `firstname`, `lastname`, `email`, `password_hash`, `phone`, `is_deleted`) VALUES ('3', 'Elyse', 'Johnson', 'rjohns@example.net', '4d09ca2f854cbdd5b4acb600cc9737c5a1f76781', '91244485903', '1');
INSERT INTO `users` (`id`, `firstname`, `lastname`, `email`, `password_hash`, `phone`, `is_deleted`) VALUES ('4', 'Marisa', 'Leffler', 'archibald53@example.net', '5eda0184a0f03992f4559c1f143f9068c997c0b0', '91816218833', '0');
INSERT INTO `users` (`id`, `firstname`, `lastname`, `email`, `password_hash`, `phone`, `is_deleted`) VALUES ('5', 'Murl', 'Kuhlman', 'imani.cruickshank@example.net', '458529ffaf52694bdeab6295e7c40da1d929af25', '96910306695', '1');
INSERT INTO `users` (`id`, `firstname`, `lastname`, `email`, `password_hash`, `phone`, `is_deleted`) VALUES ('6', 'Vivienne', 'Conn', 'carleton82@example.org', '614501965d6fb8f3e0c987c1024f690299e8e886', '98527706362', '0');
INSERT INTO `users` (`id`, `firstname`, `lastname`, `email`, `password_hash`, `phone`, `is_deleted`) VALUES ('7', 'Kiera', 'Walter', 'fritsch.zachariah@example.org', '3ea4e065c94abf6f924921d74d85172d29089b33', '96508120254', '1');
INSERT INTO `users` (`id`, `firstname`, `lastname`, `email`, `password_hash`, `phone`, `is_deleted`) VALUES ('8', 'Wilmer', 'Walker', 'alyce43@example.com', 'f1eb01397b8b628b5a6242aa8daab54e2829c139', '90939862358', '1');
INSERT INTO `users` (`id`, `firstname`, `lastname`, `email`, `password_hash`, `phone`, `is_deleted`) VALUES ('9', 'Jan', 'Purdy', 'bahringer.antoinette@example.com', '44707f9e6686417132a09db820c0253b74b5c1c8', '95572525497', '0');
INSERT INTO `users` (`id`, `firstname`, `lastname`, `email`, `password_hash`, `phone`, `is_deleted`) VALUES ('10', 'Estrella', 'Runolfsdottir', 'beer.garret@example.net', '1c1941f7e9101201e0d8ff3c25b6ea984b5ae862', '96233045064', '1');
INSERT INTO `users` (`id`, `firstname`, `lastname`, `email`, `password_hash`, `phone`, `is_deleted`) VALUES ('11', 'Tomas', 'Wisoky', 'pgerhold@example.net', 'cfc86961aff88ec03201b22f22ebf6c5543d214b', '94296522012', '1');
INSERT INTO `users` (`id`, `firstname`, `lastname`, `email`, `password_hash`, `phone`, `is_deleted`) VALUES ('12', 'Zoey', 'Boyer', 'edison.hahn@example.org', '9d64cb30967b10ee4befd4d1de0ed540dfaba9e2', '92450616471', '0');
INSERT INTO `users` (`id`, `firstname`, `lastname`, `email`, `password_hash`, `phone`, `is_deleted`) VALUES ('13', 'Kenton', 'Leffler', 'vnikolaus@example.org', '7c55b3b5010ed197d4623e051981d0eee242eae4', '92441114643', '1');
INSERT INTO `users` (`id`, `firstname`, `lastname`, `email`, `password_hash`, `phone`, `is_deleted`) VALUES ('14', 'Kallie', 'Hessel', 'toney69@example.org', '0e515feccf6f7075ea81d4895c4ffbc33abb67e5', '95310733442', '1');
INSERT INTO `users` (`id`, `firstname`, `lastname`, `email`, `password_hash`, `phone`, `is_deleted`) VALUES ('15', 'Stuart', 'Jenkins', 'barrows.magnus@example.com', '34f7a829db312af6e9131b4b2b73df0acc7d8d85', '93866128746', '1');
INSERT INTO `users` (`id`, `firstname`, `lastname`, `email`, `password_hash`, `phone`, `is_deleted`) VALUES ('16', 'Vivian', 'Corkery', 'carleton15@example.net', '76a3e3ddb570da5bfbe6dafa05194d057fa58f1c', '98848852791', '1');
INSERT INTO `users` (`id`, `firstname`, `lastname`, `email`, `password_hash`, `phone`, `is_deleted`) VALUES ('17', 'Pedro', 'Gibson', 'bosco.olaf@example.com', '0f107cfe5ce9172cac6143684894ff9320c4f79c', '99739501476', '0');
INSERT INTO `users` (`id`, `firstname`, `lastname`, `email`, `password_hash`, `phone`, `is_deleted`) VALUES ('18', 'Estefania', 'Feest', 'wyman.trisha@example.net', 'f4f9e44aeda160a1bf23a5848a36bb6a0302de04', '90975030992', '1');
INSERT INTO `users` (`id`, `firstname`, `lastname`, `email`, `password_hash`, `phone`, `is_deleted`) VALUES ('19', 'Zackary', 'Stokes', 'weber.tiara@example.com', 'e23734c11fe75626a1638efc0d8d7b3100969d96', '89638761883', '1');
INSERT INTO `users` (`id`, `firstname`, `lastname`, `email`, `password_hash`, `phone`, `is_deleted`) VALUES ('20', 'Priscilla', 'Muller', 'kdooley@example.net', 'e913894f05147e4e48d01472b7f667e651ab9e55', '89082094306', '0');
INSERT INTO `users` (`id`, `firstname`, `lastname`, `email`, `password_hash`, `phone`, `is_deleted`) VALUES ('21', 'Jarret', 'Mante', 'wintheiser.elyssa@example.net', 'ad04111f075ee4a2c3cd25bdc30d68e938e2fb7e', '91009822510', '1');
INSERT INTO `users` (`id`, `firstname`, `lastname`, `email`, `password_hash`, `phone`, `is_deleted`) VALUES ('22', 'Glenna', 'Batz', 'padberg.rebeka@example.net', '7b28341e1f466beb38a9f76ebc0d9aa7f5f7cc49', '98111997141', '0');
INSERT INTO `users` (`id`, `firstname`, `lastname`, `email`, `password_hash`, `phone`, `is_deleted`) VALUES ('23', 'Josefa', 'Dooley', 'johann37@example.net', '6b29fa461c53a7395018dae748a972a45a200985', '90028368336', '1');
INSERT INTO `users` (`id`, `firstname`, `lastname`, `email`, `password_hash`, `phone`, `is_deleted`) VALUES ('24', 'Derrick', 'Bernhard', 'reynold.mayer@example.net', 'bb23691c15742de15545392459bd89db96fe1511', '98201094397', '1');
INSERT INTO `users` (`id`, `firstname`, `lastname`, `email`, `password_hash`, `phone`, `is_deleted`) VALUES ('25', 'Jamar', 'Yundt', 'zhamill@example.org', 'ae463e6ab923e30b8600421e76158ed59975cf27', '89180217631', '1');
INSERT INTO `users` (`id`, `firstname`, `lastname`, `email`, `password_hash`, `phone`, `is_deleted`) VALUES ('26', 'Ashlee', 'Dooley', 'kelsie.adams@example.com', 'b0db348fe3c6a23705abce8ebb2cb76da196ee69', '96079496473', '0');
INSERT INTO `users` (`id`, `firstname`, `lastname`, `email`, `password_hash`, `phone`, `is_deleted`) VALUES ('27', 'Aimee', 'Johns', 'kgutmann@example.net', 'f9d53d27c480ae1c493d669dbd387c206309bd31', '89294706437', '0');
INSERT INTO `users` (`id`, `firstname`, `lastname`, `email`, `password_hash`, `phone`, `is_deleted`) VALUES ('28', 'Price', 'Mohr', 'zrice@example.org', '6f671023425e9f7a3a097eefb59c602529a2afc1', '98300513428', '0');
INSERT INTO `users` (`id`, `firstname`, `lastname`, `email`, `password_hash`, `phone`, `is_deleted`) VALUES ('29', 'Sebastian', 'Doyle', 'weber.mazie@example.org', 'da15b69bbaa11af164c5cf5350664330d44c2057', '97193459726', '0');
INSERT INTO `users` (`id`, `firstname`, `lastname`, `email`, `password_hash`, `phone`, `is_deleted`) VALUES ('30', 'Rahsaan', 'Robel', 'gwilderman@example.org', '9eaab6c548ba35298e9a7d2a7f69ca10e5935fd3', '98468557708', '0');
INSERT INTO `users` (`id`, `firstname`, `lastname`, `email`, `password_hash`, `phone`, `is_deleted`) VALUES ('31', 'Bret', 'Morissette', 'hilll.verla@example.org', '67a1f0ab75ea3a110f77e3e84b8ae69e788815fd', '92293805495', '1');
INSERT INTO `users` (`id`, `firstname`, `lastname`, `email`, `password_hash`, `phone`, `is_deleted`) VALUES ('32', 'Pete', 'Hoeger', 'fannie17@example.com', 'dc73161a735db7ecaefcd1f9dd6e72e40ace32dd', '91770449910', '0');
INSERT INTO `users` (`id`, `firstname`, `lastname`, `email`, `password_hash`, `phone`, `is_deleted`) VALUES ('33', 'Karson', 'Blick', 'gunner.leffler@example.com', '32ef0946ed0c9824bf076772321f68d8d175e9b6', '97755731021', '0');
INSERT INTO `users` (`id`, `firstname`, `lastname`, `email`, `password_hash`, `phone`, `is_deleted`) VALUES ('34', 'Theresa', 'O\'Reilly', 'emante@example.net', '8f1d0dd0a37c33631a26ec180e5987c56ba83633', '95775186198', '0');
INSERT INTO `users` (`id`, `firstname`, `lastname`, `email`, `password_hash`, `phone`, `is_deleted`) VALUES ('35', 'Jeramie', 'Hoeger', 'altenwerth.abel@example.net', '07571505ae65bb056edd0185f3bc7a5fdc395dd4', '90315492804', '1');
INSERT INTO `users` (`id`, `firstname`, `lastname`, `email`, `password_hash`, `phone`, `is_deleted`) VALUES ('36', 'Elyse', 'Franecki', 'jdietrich@example.org', '64a1244410f49ae550eda12ceff5573be7eb3dbd', '95849744361', '0');
INSERT INTO `users` (`id`, `firstname`, `lastname`, `email`, `password_hash`, `phone`, `is_deleted`) VALUES ('37', 'Marquise', 'Murray', 'wkovacek@example.net', '2b5e5fdef17cfd78b0fa7989d7f18171dc652533', '97762192554', '1');
INSERT INTO `users` (`id`, `firstname`, `lastname`, `email`, `password_hash`, `phone`, `is_deleted`) VALUES ('38', 'Lolita', 'Purdy', 'nannie84@example.org', 'ca2fa6bccd30232750b76f8bb7a84fb7f7c1df45', '90777757800', '1');
INSERT INTO `users` (`id`, `firstname`, `lastname`, `email`, `password_hash`, `phone`, `is_deleted`) VALUES ('39', 'Maia', 'Koelpin', 'heath.flatley@example.com', 'd9a6e84b134752e5212129914453d8080e479d58', '95991508393', '1');
INSERT INTO `users` (`id`, `firstname`, `lastname`, `email`, `password_hash`, `phone`, `is_deleted`) VALUES ('40', 'Chaim', 'Macejkovic', 'annalise58@example.com', '6221ac0459c06ac1ab473022c92c33cfb8864904', '96487825762', '0');
INSERT INTO `users` (`id`, `firstname`, `lastname`, `email`, `password_hash`, `phone`, `is_deleted`) VALUES ('41', 'Hertha', 'Herman', 'cummerata.ivy@example.org', '60b58b76722e693cd090189d69910929bf05218d', '92484812746', '0');
INSERT INTO `users` (`id`, `firstname`, `lastname`, `email`, `password_hash`, `phone`, `is_deleted`) VALUES ('42', 'Jenifer', 'Flatley', 'jeanne.cremin@example.net', 'e0f94327b23f63294bfc2943c9d43c923df9be6a', '92686714364', '0');
INSERT INTO `users` (`id`, `firstname`, `lastname`, `email`, `password_hash`, `phone`, `is_deleted`) VALUES ('43', 'Ivah', 'Emmerich', 'ruecker.violet@example.com', '854664daf8a25ab4ffc05bfbc680de4954097e2e', '95364059550', '0');
INSERT INTO `users` (`id`, `firstname`, `lastname`, `email`, `password_hash`, `phone`, `is_deleted`) VALUES ('44', 'Hailee', 'Bechtelar', 'cjones@example.net', '94080da9265305e15ebba87e3b0886227744b943', '91077370148', '0');
INSERT INTO `users` (`id`, `firstname`, `lastname`, `email`, `password_hash`, `phone`, `is_deleted`) VALUES ('45', 'Rollin', 'Schmidt', 'dayna.turcotte@example.com', '1ceb3658fcb5a814882164309acc0329972ef50d', '96622784149', '0');
INSERT INTO `users` (`id`, `firstname`, `lastname`, `email`, `password_hash`, `phone`, `is_deleted`) VALUES ('46', 'Wilfrid', 'Schaden', 'stark.milford@example.com', 'e5badd01d04c501eb1a9c251f7a5184e9f76eba9', '90010137251', '0');
INSERT INTO `users` (`id`, `firstname`, `lastname`, `email`, `password_hash`, `phone`, `is_deleted`) VALUES ('47', 'Lisa', 'Klein', 'fadel.makenna@example.org', '01a1c64ff94b1fe05dfd648f4035b6bdfb9b25af', '99991819108', '1');
INSERT INTO `users` (`id`, `firstname`, `lastname`, `email`, `password_hash`, `phone`, `is_deleted`) VALUES ('48', 'Tre', 'Erdman', 'mcglynn.toney@example.org', '7237f11299899e26f4c3edf425ba30b4ba158bd4', '99529082823', '0');
INSERT INTO `users` (`id`, `firstname`, `lastname`, `email`, `password_hash`, `phone`, `is_deleted`) VALUES ('49', 'Katharina', 'Ferry', 'bulah25@example.com', '101c836bfe076e10397e2dc5eda88fa31d4d3527', '93557453344', '0');
INSERT INTO `users` (`id`, `firstname`, `lastname`, `email`, `password_hash`, `phone`, `is_deleted`) VALUES ('50', 'Naomi', 'Ledner', 'collins.bo@example.com', '359f29e2c66beba38ee9a62d93146a779e40821c', '93421395705', '1');
INSERT INTO `users` (`id`, `firstname`, `lastname`, `email`, `password_hash`, `phone`, `is_deleted`) VALUES ('51', 'Adriel', 'Fisher', 'giuseppe71@example.com', '69e6c76c66379f127669f1968bf811758e3d5e0f', '91277698906', '0');
INSERT INTO `users` (`id`, `firstname`, `lastname`, `email`, `password_hash`, `phone`, `is_deleted`) VALUES ('52', 'Vaughn', 'Glover', 'sydnie.lind@example.org', 'eaab6e479998b5b5c68cdbced136c31c44c16742', '97202463160', '1');
INSERT INTO `users` (`id`, `firstname`, `lastname`, `email`, `password_hash`, `phone`, `is_deleted`) VALUES ('53', 'Casper', 'Grady', 'bmayer@example.com', '8794141c2b082b7a51dc0b5d0c21096f81858a23', '92388213301', '1');
INSERT INTO `users` (`id`, `firstname`, `lastname`, `email`, `password_hash`, `phone`, `is_deleted`) VALUES ('54', 'Barton', 'Kiehn', 'ullrich.ena@example.org', '1cbb9b91783ba186540c5a65a22acc911d043bcf', '92381963662', '0');
INSERT INTO `users` (`id`, `firstname`, `lastname`, `email`, `password_hash`, `phone`, `is_deleted`) VALUES ('55', 'Patsy', 'Weimann', 'ebernhard@example.org', '9f46e70f93d56fc6a808fdcc0af6d6ed196950b9', '99110870176', '1');
INSERT INTO `users` (`id`, `firstname`, `lastname`, `email`, `password_hash`, `phone`, `is_deleted`) VALUES ('56', 'Tyrell', 'Weimann', 'stanton.johann@example.net', '59b25167773d84ed591101e85834010556e67cdd', '91750102744', '1');
INSERT INTO `users` (`id`, `firstname`, `lastname`, `email`, `password_hash`, `phone`, `is_deleted`) VALUES ('57', 'Rose', 'Bayer', 'cleve.swift@example.org', 'eea456cae21c9be42b9106a9cc26ee7c5830a708', '95873772701', '1');
INSERT INTO `users` (`id`, `firstname`, `lastname`, `email`, `password_hash`, `phone`, `is_deleted`) VALUES ('58', 'Chelsea', 'Kuvalis', 'eudora.hane@example.org', 'fbe7be71c0e93c36c0e12fbeb67218ac03c66022', '95685988114', '1');
INSERT INTO `users` (`id`, `firstname`, `lastname`, `email`, `password_hash`, `phone`, `is_deleted`) VALUES ('59', 'Sheridan', 'Rosenbaum', 'whoppe@example.org', '4ab3b891f44d53f4bf92bc4b92b263045a0cf5fb', '89538500063', '0');
INSERT INTO `users` (`id`, `firstname`, `lastname`, `email`, `password_hash`, `phone`, `is_deleted`) VALUES ('60', 'Bria', 'Spencer', 'qcormier@example.org', '6a9d9985b8e61836ab31b3360de32a6833e2dfb8', '94541682966', '0');
INSERT INTO `users` (`id`, `firstname`, `lastname`, `email`, `password_hash`, `phone`, `is_deleted`) VALUES ('61', 'Holly', 'Hane', 'reginald.schumm@example.org', 'f2469af2ed6e5d40e3a23185b42b027908c3bb1f', '95630326291', '0');
INSERT INTO `users` (`id`, `firstname`, `lastname`, `email`, `password_hash`, `phone`, `is_deleted`) VALUES ('62', 'Willard', 'Reichel', 'lemke.romaine@example.net', '296d239559261dc5faa2f2a1f440d3ad466bd261', '99867378742', '0');
INSERT INTO `users` (`id`, `firstname`, `lastname`, `email`, `password_hash`, `phone`, `is_deleted`) VALUES ('63', 'Celestino', 'Shields', 'qherman@example.net', '40a20983c06913154b12eec39352f45616c7796c', '94916830127', '0');
INSERT INTO `users` (`id`, `firstname`, `lastname`, `email`, `password_hash`, `phone`, `is_deleted`) VALUES ('64', 'Abagail', 'Kuhn', 'annalise.stracke@example.net', '96a6daa69f88bb6b77c684199dd1a57999d749ec', '92789143687', '1');
INSERT INTO `users` (`id`, `firstname`, `lastname`, `email`, `password_hash`, `phone`, `is_deleted`) VALUES ('65', 'Bessie', 'Mohr', 'kiehn.nicole@example.net', '1e82564cd61477ae5a056d1316689c133159a735', '93272461512', '1');
INSERT INTO `users` (`id`, `firstname`, `lastname`, `email`, `password_hash`, `phone`, `is_deleted`) VALUES ('66', 'Jon', 'McLaughlin', 'uleuschke@example.net', '2f49f71e08914b3bd0f847fc2d2e302e32079e8d', '96982487703', '0');
INSERT INTO `users` (`id`, `firstname`, `lastname`, `email`, `password_hash`, `phone`, `is_deleted`) VALUES ('67', 'Asha', 'Lubowitz', 'adeline64@example.net', '768dfca7a702601648ca2efe369ca36a3213f9c9', '94242988373', '1');
INSERT INTO `users` (`id`, `firstname`, `lastname`, `email`, `password_hash`, `phone`, `is_deleted`) VALUES ('68', 'Laury', 'Kohler', 'renner.rickey@example.net', 'bc9692f288be5e5809fe490e974901869ad32758', '95749095042', '1');
INSERT INTO `users` (`id`, `firstname`, `lastname`, `email`, `password_hash`, `phone`, `is_deleted`) VALUES ('69', 'Amiya', 'Schumm', 'frami.bria@example.com', '78904d9d39bf0af86df44ee57a927548789c8d62', '99012619872', '1');
INSERT INTO `users` (`id`, `firstname`, `lastname`, `email`, `password_hash`, `phone`, `is_deleted`) VALUES ('70', 'Jaylen', 'O\'Kon', 'ilind@example.org', '3b15f377b77f92480fc59c203722b1ba0fd6228c', '90610462194', '0');
INSERT INTO `users` (`id`, `firstname`, `lastname`, `email`, `password_hash`, `phone`, `is_deleted`) VALUES ('71', 'Brenda', 'Hudson', 'jonas.funk@example.net', '49d6e191e4a1c96a46039dcfd62f525acaf53103', '90219103050', '1');
INSERT INTO `users` (`id`, `firstname`, `lastname`, `email`, `password_hash`, `phone`, `is_deleted`) VALUES ('72', 'Anya', 'Cole', 'beaulah.wilkinson@example.net', 'bace8941737f94bbc8418221e8a7b203705119c9', '96995557147', '1');
INSERT INTO `users` (`id`, `firstname`, `lastname`, `email`, `password_hash`, `phone`, `is_deleted`) VALUES ('73', 'Nora', 'Heidenreich', 'rosina.franecki@example.com', 'd830ae06c6fb85ff79d54493e34e58e935e26b4e', '99634047425', '0');
INSERT INTO `users` (`id`, `firstname`, `lastname`, `email`, `password_hash`, `phone`, `is_deleted`) VALUES ('74', 'Mya', 'Beatty', 'greyson75@example.org', '611dca055ef1ab7558cb5d204e0dc3c023c12598', '90266791611', '0');
INSERT INTO `users` (`id`, `firstname`, `lastname`, `email`, `password_hash`, `phone`, `is_deleted`) VALUES ('75', 'Harrison', 'Crooks', 'shaun.torphy@example.net', '39e739d8087df52c922834fef8b7334810522cff', '90792962832', '0');
INSERT INTO `users` (`id`, `firstname`, `lastname`, `email`, `password_hash`, `phone`, `is_deleted`) VALUES ('76', 'Eula', 'Schmitt', 'stark.alanna@example.com', '03155e15d2671e41cb9dfeb9cb6e8e3b02e5d3fe', '95274085055', '1');
INSERT INTO `users` (`id`, `firstname`, `lastname`, `email`, `password_hash`, `phone`, `is_deleted`) VALUES ('77', 'Georgette', 'Fahey', 'dickens.jonas@example.com', '216329db28171f2acf42ea4b4aed1de63988e893', '90003071960', '0');
INSERT INTO `users` (`id`, `firstname`, `lastname`, `email`, `password_hash`, `phone`, `is_deleted`) VALUES ('78', 'Cassidy', 'Mayer', 'darrel91@example.com', 'efd59b12dc3852ec1762ef1c14fa42dc721c99d3', '95546267574', '0');
INSERT INTO `users` (`id`, `firstname`, `lastname`, `email`, `password_hash`, `phone`, `is_deleted`) VALUES ('79', 'Sarai', 'Schimmel', 'felicity.schroeder@example.com', '87d66463207c2016a1994243ecb64c943c2fb5e0', '89254865507', '0');
INSERT INTO `users` (`id`, `firstname`, `lastname`, `email`, `password_hash`, `phone`, `is_deleted`) VALUES ('80', 'Leann', 'Pagac', 'uschamberger@example.org', 'e870fdbf784d72fec133622d1c56bebf790d189f', '96571846339', '1');
INSERT INTO `users` (`id`, `firstname`, `lastname`, `email`, `password_hash`, `phone`, `is_deleted`) VALUES ('81', 'Seamus', 'Ruecker', 'harvey.colton@example.org', 'dbcd0a647267a018aa6509a949601e1088cc5229', '93594644122', '1');
INSERT INTO `users` (`id`, `firstname`, `lastname`, `email`, `password_hash`, `phone`, `is_deleted`) VALUES ('82', 'Erik', 'Purdy', 'igaylord@example.org', 'e15f15caaa7ced32e8005169d5f228d1f6af7ac3', '99570319350', '1');
INSERT INTO `users` (`id`, `firstname`, `lastname`, `email`, `password_hash`, `phone`, `is_deleted`) VALUES ('83', 'Eliezer', 'Schinner', 'mitchell.jacklyn@example.net', 'e323feb01228abd71ec03a65fc1a06f987af0573', '92516603803', '0');
INSERT INTO `users` (`id`, `firstname`, `lastname`, `email`, `password_hash`, `phone`, `is_deleted`) VALUES ('84', 'Diamond', 'Feest', 'bartoletti.maud@example.org', '653e89db80fcd1a2ae0b6cae355b658f75cec967', '96763257669', '0');
INSERT INTO `users` (`id`, `firstname`, `lastname`, `email`, `password_hash`, `phone`, `is_deleted`) VALUES ('85', 'Gaston', 'Abbott', 'west.rory@example.net', '0243e00f1b67930ee4aef1f043fe906a8b3e98a3', '95101740716', '0');
INSERT INTO `users` (`id`, `firstname`, `lastname`, `email`, `password_hash`, `phone`, `is_deleted`) VALUES ('86', 'Gregory', 'Koss', 'aufderhar.raoul@example.com', 'a96747a2b535947bf7ce9f832f0500528695b659', '96909153677', '1');
INSERT INTO `users` (`id`, `firstname`, `lastname`, `email`, `password_hash`, `phone`, `is_deleted`) VALUES ('87', 'Valentine', 'Little', 'kkautzer@example.com', '18124ffe4ec0b6bcf03b190834151a7fe99a8081', '97417491233', '0');
INSERT INTO `users` (`id`, `firstname`, `lastname`, `email`, `password_hash`, `phone`, `is_deleted`) VALUES ('88', 'Alex', 'Langworth', 'ike63@example.com', '4a0e00ff7ce5d02134a9a58eb57e94c0ce590158', '95408966600', '1');
INSERT INTO `users` (`id`, `firstname`, `lastname`, `email`, `password_hash`, `phone`, `is_deleted`) VALUES ('89', 'Violet', 'Boyer', 'ari.raynor@example.net', '161901012f48640132126adf1938a6b7655d7b5e', '92316216666', '0');
INSERT INTO `users` (`id`, `firstname`, `lastname`, `email`, `password_hash`, `phone`, `is_deleted`) VALUES ('90', 'Trever', 'Rath', 'lane79@example.com', 'f80a818ee28c70109d4f405f7b6bdbf6cd741e07', '91018216768', '0');
INSERT INTO `users` (`id`, `firstname`, `lastname`, `email`, `password_hash`, `phone`, `is_deleted`) VALUES ('91', 'Grayce', 'Rosenbaum', 'tkulas@example.org', 'e6baaaededd83e7293e75b840fc8f481598464bc', '94557344644', '1');
INSERT INTO `users` (`id`, `firstname`, `lastname`, `email`, `password_hash`, `phone`, `is_deleted`) VALUES ('92', 'Sigrid', 'Ortiz', 'kmohr@example.org', 'ac72d84f8107aad9664fc43c59b16ab0c5fdef92', '94766605926', '1');
INSERT INTO `users` (`id`, `firstname`, `lastname`, `email`, `password_hash`, `phone`, `is_deleted`) VALUES ('93', 'Alycia', 'Hauck', 'linnea37@example.com', '3d2dc6bc368c3ef4b4a327c3df28a9fda2ec1c1d', '92511618152', '1');
INSERT INTO `users` (`id`, `firstname`, `lastname`, `email`, `password_hash`, `phone`, `is_deleted`) VALUES ('94', 'Heather', 'Treutel', 'marcia69@example.com', '69d148598669b693aeb18295e9dbb51df5ab4058', '95090163755', '1');
INSERT INTO `users` (`id`, `firstname`, `lastname`, `email`, `password_hash`, `phone`, `is_deleted`) VALUES ('95', 'Jennings', 'Schimmel', 'qo\'conner@example.org', '4792da29b3a28e3cef8cd17d2934f4eff471f99e', '99873960652', '0');
INSERT INTO `users` (`id`, `firstname`, `lastname`, `email`, `password_hash`, `phone`, `is_deleted`) VALUES ('96', 'Judson', 'Langworth', 'kulas.bernadette@example.net', '7360341ac5396e460b831a4b4003a67887c732bf', '95496619715', '1');
INSERT INTO `users` (`id`, `firstname`, `lastname`, `email`, `password_hash`, `phone`, `is_deleted`) VALUES ('97', 'Lea', 'Waters', 'yasmine12@example.net', '4b92d208eb747dc6d4de1ed1a9e9e0dcd63748fa', '95699414175', '0');
INSERT INTO `users` (`id`, `firstname`, `lastname`, `email`, `password_hash`, `phone`, `is_deleted`) VALUES ('98', 'Troy', 'Kiehn', 'jhartmann@example.org', '5f13b986812647f1788fc5d21233a131286d8291', '97926565406', '1');
INSERT INTO `users` (`id`, `firstname`, `lastname`, `email`, `password_hash`, `phone`, `is_deleted`) VALUES ('99', 'Karlie', 'Ledner', 'fhettinger@example.org', '99e5096b6d15ed03e58bb088f518dd7c3d9ffc37', '95687097412', '0');
INSERT INTO `users` (`id`, `firstname`, `lastname`, `email`, `password_hash`, `phone`, `is_deleted`) VALUES ('100', 'Annabelle', 'Doyle', 'jody87@example.net', '9f23e95f547c6521890b96a00b6338bc2efd4eef', '98432488922', '0');


